ComarcaDescripcio,2020-02-25,2020-02-26,2020-02-27,2020-02-28,2020-02-29,2020-03-01,2020-03-02,2020-03-03,2020-03-04,2020-03-05,2020-03-06,2020-03-07,2020-03-08,2020-03-09,2020-03-10,2020-03-11,2020-03-12,2020-03-13,2020-03-14,2020-03-15,2020-03-16,2020-03-17,2020-03-18,2020-03-19,2020-03-20,2020-03-21,2020-03-22,2020-03-23,2020-03-24,2020-03-25,2020-03-26,2020-03-27,2020-03-28,2020-03-29,2020-03-30,2020-03-31,2020-04-01,2020-04-02,2020-04-03,2020-04-04,2020-04-05,2020-04-06,2020-04-07,2020-04-08,2020-04-09,2020-04-10,2020-04-11,2020-04-12,2020-04-13,2020-04-14,2020-04-15,2020-04-16,2020-04-17,2020-04-18,2020-04-19,2020-04-20,2020-04-21,2020-04-22,2020-04-23,2020-04-24,2020-04-25,2020-04-26,2020-04-27,2020-04-28,2020-04-29,2020-04-30,2020-05-01,2020-05-02,2020-05-03,2020-05-04,2020-05-05,2020-05-06,2020-05-07,2020-05-08,2020-05-09,2020-05-10,2020-05-11,2020-05-12,2020-05-13,2020-05-14,2020-05-15,2020-05-16,2020-05-17,2020-05-18,2020-05-19,2020-05-20,2020-05-21,2020-05-22,2020-05-23,2020-05-24,2020-05-25,2020-05-26,2020-05-27,2020-05-28,2020-05-29,2020-05-30,2020-05-31,2020-06-01,2020-06-02,2020-06-03,2020-06-04,2020-06-05,2020-06-06,2020-06-07,2020-06-08,2020-06-09,2020-06-10,2020-06-11,2020-06-12,2020-06-13,2020-06-14,2020-06-15,2020-06-16,2020-06-17,2020-06-18,2020-06-19,2020-06-20,2020-06-21,2020-06-22,2020-06-23,2020-06-24,2020-06-25,2020-06-26,2020-06-27,2020-06-28,2020-06-29,2020-06-30,2020-07-01,2020-07-02,2020-07-03,2020-07-04,2020-07-05,2020-07-06,2020-07-07,2020-07-08,2020-07-09,2020-07-10,2020-07-11,2020-07-12,2020-07-13,2020-07-14,2020-07-15,2020-07-16,2020-07-17,2020-07-18,2020-07-19,2020-07-20,2020-07-21,2020-07-22,2020-07-23,2020-07-24,2020-07-25,2020-07-26,2020-07-27,2020-07-28,2020-07-29,2020-07-30,2020-07-31,2020-08-01,2020-08-02,2020-08-03,2020-08-04,2020-08-05,2020-08-06,2020-08-07,2020-08-08,2020-08-09,2020-08-10,2020-08-11,2020-08-12,2020-08-13,2020-08-14,2020-08-15,2020-08-16,2020-08-17,2020-08-18,2020-08-19,2020-08-20,2020-08-21
Alt Camp,0,0,0,0,0,0,0,0,0,0,0,0,0,0,0,0,0,0,0,0,2.247645591243173,2.247645591243173,0,4.495291182486346,2.247645591243173,6.742936773729519,4.495291182486346,26.971747094918076,6.742936773729519,4.495291182486346,8.990582364972692,4.495291182486346,6.742936773729519,53.94349418983615,8.990582364972692,8.990582364972692,2.247645591243173,4.495291182486346,6.742936773729519,2.247645591243173,2.247645591243173,6.742936773729519,4.495291182486346,4.495291182486346,11.238227956215864,2.247645591243173,0,4.495291182486346,0,8.990582364972692,8.990582364972692,4.495291182486346,0,0,4.495291182486346,2.247645591243173,8.990582364972692,2.247645591243173,2.247645591243173,2.247645591243173,2.247645591243173,0,2.247645591243173,0,2.247645591243173,2.247645591243173,0,0,0,0,2.247645591243173,0,2.247645591243173,0,0,0,0,0,17.981164729945384,2.247645591243173,2.247645591243173,0,0,0,0,0,0,0,0,0,0,2.247645591243173,2.247645591243173,0,0,0,0,2.247645591243173,2.247645591243173,0,0,0,0,0,0,0,0,0,0,0,0,0,0,0,0,0,0,0,0,0,0,0,0,0,0,0,0,2.247645591243173,0,0,0,0,0,0,2.247645591243173,2.247645591243173,0,0,0,0,2.247645591243173,2.247645591243173,0,0,0,0,4.495291182486346,0,2.247645591243173,2.247645591243173,0,0,2.247645591243173,0,0,8.990582364972692,6.742936773729519,0,0,0,0,6.742936773729519,0,0,0,0,0,13.485873547459038,2.247645591243173,2.247645591243173,13.485873547459038,2.247645591243173,17.981164729945384,2.247645591243173,8.990582364972692,31.46703827740442,11.238227956215864,0,0
Alt Empordà ,0,0,0,0,0,0,0,0,0,0,0,0,0,0,0,0.7277649610281863,0.7277649610281863,0,1.4555299220563727,0.7277649610281863,0.7277649610281863,1.4555299220563727,2.183294883084559,1.4555299220563727,4.366589766169118,2.9110598441127453,3.6388248051409318,9.460944493366423,3.6388248051409318,5.822119688225491,14.555299220563727,11.644239376450981,3.6388248051409318,9.460944493366423,5.094354727197304,10.188709454394608,11.644239376450981,8.733179532338236,22.560713791873777,2.183294883084559,10.188709454394608,13.82753425953554,2.9110598441127453,4.366589766169118,7.2776496102818635,1.4555299220563727,8.00541457131005,2.183294883084559,2.183294883084559,9.460944493366423,7.2776496102818635,8.733179532338236,5.822119688225491,1.4555299220563727,5.094354727197304,5.094354727197304,8.00541457131005,14.555299220563727,15.283064181591914,5.822119688225491,2.183294883084559,5.094354727197304,9.460944493366423,3.6388248051409318,8.733179532338236,3.6388248051409318,0.7277649610281863,0,1.4555299220563727,2.183294883084559,32.0216582852402,13.099769298507354,2.9110598441127453,2.183294883084559,0.7277649610281863,5.822119688225491,5.094354727197304,3.6388248051409318,0.7277649610281863,6.549884649253677,0,2.9110598441127453,0.7277649610281863,0.7277649610281863,2.9110598441127453,2.9110598441127453,7.2776496102818635,4.366589766169118,0,0,2.9110598441127453,6.549884649253677,10.188709454394608,0.7277649610281863,5.822119688225491,0,0,0,0,7.2776496102818635,2.183294883084559,2.9110598441127453,0,0,1.4555299220563727,1.4555299220563727,0,1.4555299220563727,1.4555299220563727,0,0.7277649610281863,0.7277649610281863,4.366589766169118,1.4555299220563727,1.4555299220563727,0.7277649610281863,0,0,0,0,0,0,0,0,0,0,0.7277649610281863,1.4555299220563727,0,0.7277649610281863,0,0.7277649610281863,5.094354727197304,3.6388248051409318,9.460944493366423,11.644239376450981,18.19412402570466,0,1.4555299220563727,8.00541457131005,28.38283348009927,8.733179532338236,16.738594103648285,18.921888986732846,8.733179532338236,1.4555299220563727,13.82753425953554,32.0216582852402,33.47718820729657,41.482602778606626,10.916474415422794,22.560713791873777,10.916474415422794,21.105183869817402,25.471773635986523,29.83836340215564,21.105183869817402,21.105183869817402,2.9110598441127453,7.2776496102818635,12.372004337479167,14.555299220563727,11.644239376450981,20.377418908789217,8.733179532338236,0,3.6388248051409318,14.555299220563727,4.366589766169118,5.822119688225491,8.00541457131005,4.366589766169118,2.9110598441127453,2.183294883084559,9.460944493366423,8.00541457131005,1.4555299220563727,0.7277649610281863,0
Alt Penedès,0,0,0,0,0,0,0,0,0,0,0,0,0,0,1.8898768745216248,0,0.9449384372608124,0.9449384372608124,0,4.724692186304062,3.7797537490432496,3.7797537490432496,4.724692186304062,7.559507498086499,10.394322809868937,7.559507498086499,2.834815311782437,8.504445935347313,14.174076558912187,4.724692186304062,9.449384372608124,16.06395343343381,11.339261247129748,14.174076558912187,8.504445935347313,11.339261247129748,19.84370718247706,17.95383030795544,16.06395343343381,27.403214680563565,8.504445935347313,17.95383030795544,56.69630623564875,87.87927466525556,59.531121547431184,22.678522494259497,13.229138121651374,4.724692186304062,15.119014996172998,3.7797537490432496,5.669630623564874,14.174076558912187,7.559507498086499,3.7797537490432496,4.724692186304062,7.559507498086499,5.669630623564874,13.229138121651374,2.834815311782437,12.284199684390563,0,0.9449384372608124,3.7797537490432496,5.669630623564874,7.559507498086499,10.394322809868937,8.504445935347313,2.834815311782437,0,6.614569060825687,2.834815311782437,0.9449384372608124,3.7797537490432496,5.669630623564874,4.724692186304062,0.9449384372608124,1.8898768745216248,3.7797537490432496,2.834815311782437,3.7797537490432496,3.7797537490432496,3.7797537490432496,0,5.669630623564874,6.614569060825687,6.614569060825687,6.614569060825687,11.339261247129748,0,0,1.8898768745216248,1.8898768745216248,3.7797537490432496,1.8898768745216248,0.9449384372608124,0.9449384372608124,0,0,2.834815311782437,0.9449384372608124,2.834815311782437,3.7797537490432496,0.9449384372608124,0,1.8898768745216248,1.8898768745216248,1.8898768745216248,6.614569060825687,0,0,0,0.9449384372608124,0,1.8898768745216248,0.9449384372608124,0.9449384372608124,0,0,0,0,1.8898768745216248,0.9449384372608124,2.834815311782437,0,0,0,1.8898768745216248,0.9449384372608124,0.9449384372608124,0.9449384372608124,0,0,2.834815311782437,1.8898768745216248,4.724692186304062,2.834815311782437,3.7797537490432496,0,0,1.8898768745216248,3.7797537490432496,9.449384372608124,4.724692186304062,12.284199684390563,1.8898768745216248,1.8898768745216248,0.9449384372608124,7.559507498086499,7.559507498086499,9.449384372608124,16.06395343343381,8.504445935347313,3.7797537490432496,3.7797537490432496,24.568399368781126,14.174076558912187,11.339261247129748,11.339261247129748,0.9449384372608124,0,9.449384372608124,15.119014996172998,7.559507498086499,11.339261247129748,16.06395343343381,4.724692186304062,6.614569060825687,4.724692186304062,4.724692186304062,10.394322809868937,9.449384372608124,10.394322809868937,0.9449384372608124,4.724692186304062,5.669630623564874,12.284199684390563,12.284199684390563,2.834815311782437,1.8898768745216248
Alt Urgell,0,0,0,0,0,0,0,0,0,0,0,0,0,0,0,0,4.880667675337986,0,0,0,0,4.880667675337986,4.880667675337986,0,9.761335350675973,9.761335350675973,4.880667675337986,9.761335350675973,4.880667675337986,43.92600907804187,4.880667675337986,9.761335350675973,9.761335350675973,0,14.642003026013958,0,19.522670701351945,9.761335350675973,0,4.880667675337986,4.880667675337986,0,9.761335350675973,4.880667675337986,9.761335350675973,9.761335350675973,0,0,0,9.761335350675973,0,14.642003026013958,4.880667675337986,0,0,0,0,0,0,9.761335350675973,0,0,4.880667675337986,0,0,0,0,0,0,0,0,0,0,0,4.880667675337986,0,0,0,0,0,0,0,0,4.880667675337986,0,0,4.880667675337986,0,4.880667675337986,4.880667675337986,0,9.761335350675973,9.761335350675973,0,0,0,0,0,0,0,0,0,0,0,0,0,0,0,0,0,0,0,0,0,0,0,0,0,0,4.880667675337986,0,0,0,0,0,0,0,0,4.880667675337986,0,0,0,0,0,107.37468885743569,0,4.880667675337986,0,0,0,0,0,0,0,0,0,4.880667675337986,4.880667675337986,14.642003026013958,4.880667675337986,4.880667675337986,0,0,0,0,9.761335350675973,0,0,0,0,0,4.880667675337986,0,0,0,0,0,19.522670701351945,0,19.522670701351945,19.522670701351945,39.04534140270389,24.40333837668993,9.761335350675973,24.40333837668993,14.642003026013958,9.761335350675973,0,0
Alta Ribagorça,0,0,0,0,0,0,0,0,0,0,0,0,0,0,0,0,0,0,0,0,0,0,0,0,0,0,0,0,47.86979415988511,23.934897079942555,0,23.934897079942555,0,0,23.934897079942555,0,0,0,0,0,0,0,0,0,0,0,0,0,0,0,0,0,0,0,0,0,0,23.934897079942555,0,0,0,0,23.934897079942555,0,0,0,0,0,0,0,0,0,0,0,0,0,0,23.934897079942555,0,0,23.934897079942555,0,0,0,0,0,0,23.934897079942555,0,0,0,0,0,0,0,0,0,0,0,0,0,0,0,0,0,0,0,0,0,0,0,0,0,0,0,47.86979415988511,0,0,0,23.934897079942555,47.86979415988511,0,0,0,0,0,0,0,0,0,23.934897079942555,0,71.80469123982766,71.80469123982766,23.934897079942555,71.80469123982766,0,0,0,0,0,0,0,0,0,0,0,0,0,0,0,0,0,0,0,0,0,0,0,0,0,0,0,0,0,0,0,0,0,0,0,0,0,0,0,0,0,0,0
Anoia,0,0,0,0,0,0,0,0,0,0,0,0,0,0,18.713370703367556,3.4024310369759196,10.207293110927758,18.713370703367556,12.759116388659699,26.368840536563372,10.207293110927758,14.460331907147658,28.070056055051335,47.63403451766287,24.667625018075412,15.310939666391638,47.63403451766287,17.012155184879596,25.518232777319398,20.414586221855515,125.88994836810902,28.070056055051335,42.53038796219899,20.414586221855515,34.02431036975919,34.02431036975919,35.72552588824715,27.219448295807357,36.57613364749113,17.012155184879596,0,33.173702610515214,28.070056055051335,28.920663814295317,39.127956925223074,19.563978462611537,10.207293110927758,16.161547425635614,15.310939666391638,28.920663814295317,27.219448295807357,22.115801740343475,11.057900870171737,0.8506077592439799,11.908508629415717,8.506077592439798,18.713370703367556,10.207293110927758,11.057900870171737,2.5518232777319394,1.7012155184879598,0.8506077592439799,7.655469833195819,4.253038796219899,13.609724147903679,7.655469833195819,5.954254314707859,0,0.8506077592439799,27.219448295807357,20.414586221855515,8.506077592439798,2.5518232777319394,4.253038796219899,0.8506077592439799,1.7012155184879598,4.253038796219899,1.7012155184879598,2.5518232777319394,5.103646555463879,5.103646555463879,2.5518232777319394,0,6.804862073951839,3.4024310369759196,5.954254314707859,11.908508629415717,5.103646555463879,0.8506077592439799,0,2.5518232777319394,8.506077592439798,1.7012155184879598,2.5518232777319394,5.954254314707859,2.5518232777319394,0,1.7012155184879598,3.4024310369759196,4.253038796219899,0.8506077592439799,4.253038796219899,2.5518232777319394,0,5.954254314707859,1.7012155184879598,2.5518232777319394,4.253038796219899,3.4024310369759196,0.8506077592439799,0.8506077592439799,0.8506077592439799,0.8506077592439799,2.5518232777319394,1.7012155184879598,0.8506077592439799,0,0.8506077592439799,0.8506077592439799,0.8506077592439799,0,2.5518232777319394,2.5518232777319394,2.5518232777319394,0,0.8506077592439799,1.7012155184879598,3.4024310369759196,3.4024310369759196,3.4024310369759196,0,0,2.5518232777319394,0.8506077592439799,4.253038796219899,4.253038796219899,2.5518232777319394,1.7012155184879598,1.7012155184879598,22.966409499587456,29.771271573539295,32.32309485127123,16.161547425635614,22.966409499587456,5.103646555463879,2.5518232777319394,23.817017258831434,30.621879332783276,28.070056055051335,21.265193981099497,25.518232777319398,2.5518232777319394,1.7012155184879598,21.265193981099497,9.356685351683778,12.759116388659699,12.759116388659699,8.506077592439798,1.7012155184879598,4.253038796219899,3.4024310369759196,5.954254314707859,3.4024310369759196,9.356685351683778,4.253038796219899,1.7012155184879598,5.954254314707859,3.4024310369759196,7.655469833195819,5.103646555463879,4.253038796219899,3.4024310369759196,0.8506077592439799,7.655469833195819,5.103646555463879,2.5518232777319394,9.356685351683778,2.5518232777319394,0.8506077592439799
Aran,0,0,0,0,0,0,0,0,0,0,0,0,0,0,0,0,0,0,0,0,0,0,0,31.259768677711783,31.259768677711783,0,10.419922892570595,0,52.099614462852976,62.519537355423566,20.83984578514119,62.519537355423566,41.67969157028238,52.099614462852976,41.67969157028238,104.19922892570595,0,20.83984578514119,31.259768677711783,10.419922892570595,0,10.419922892570595,0,10.419922892570595,20.83984578514119,0,10.419922892570595,20.83984578514119,10.419922892570595,20.83984578514119,0,10.419922892570595,10.419922892570595,20.83984578514119,0,41.67969157028238,41.67969157028238,31.259768677711783,41.67969157028238,52.099614462852976,0,0,10.419922892570595,0,10.419922892570595,0,0,0,0,10.419922892570595,0,0,0,0,0,0,0,0,0,0,0,10.419922892570595,0,0,0,0,0,0,0,31.259768677711783,0,10.419922892570595,0,10.419922892570595,0,0,0,10.419922892570595,0,0,0,0,0,0,20.83984578514119,0,0,0,10.419922892570595,0,0,0,0,0,0,0,0,20.83984578514119,20.83984578514119,0,31.259768677711783,0,31.259768677711783,0,0,0,0,0,10.419922892570595,0,0,0,0,0,0,0,0,0,0,0,0,0,0,0,0,0,0,10.419922892570595,0,0,0,0,0,0,20.83984578514119,0,0,0,0,0,0,0,0,0,0,0,0,0,0,0,0,20.83984578514119,0,20.83984578514119,0,0,0,0,0
Bages,0,0,0,0,0,0,0,0,0,0,0,0,0,0.566613971567311,0,0,0.566613971567311,0.566613971567311,1.133227943134622,1.133227943134622,2.266455886269244,9.632437516644286,10.199051488211596,24.36440077739437,18.13164709015395,12.46550737448084,22.664558862692438,3.9662978009711765,28.330698578365542,31.1637684362021,27.197470635230925,26.0642426920963,19.831489004855882,64.02737878710614,36.82990815187521,45.329117725384876,24.36440077739437,36.82990815187521,19.264875033288572,17.565033118586637,33.99683829403865,26.630856663663614,41.929433895981006,39.662978009711765,29.463926521500166,30.030540493067477,15.298577232317394,16.431805175452016,27.197470635230925,19.831489004855882,20.964716947990503,54.961555242029164,29.463926521500166,41.929433895981006,9.065823545076976,28.330698578365542,33.99683829403865,30.597154464634787,11.332279431346219,29.463926521500166,5.099525744105798,2.266455886269244,7.365981630375042,8.499209573509663,3.3996838294038656,6.799367658807731,5.099525744105798,0.566613971567311,1.133227943134622,2.8330698578365547,3.3996838294038656,6.799367658807731,1.133227943134622,6.23275368724042,0.566613971567311,1.133227943134622,3.9662978009711765,3.3996838294038656,3.9662978009711765,7.365981630375042,1.6998419147019328,0.566613971567311,0,1.133227943134622,3.9662978009711765,2.266455886269244,2.266455886269244,3.3996838294038656,4.532911772538488,1.133227943134622,4.532911772538488,9.065823545076976,8.499209573509663,4.532911772538488,5.6661397156731095,1.6998419147019328,0,2.8330698578365547,6.799367658807731,4.532911772538488,4.532911772538488,7.932595601942353,1.133227943134622,1.6998419147019328,3.3996838294038656,5.6661397156731095,6.799367658807731,6.23275368724042,7.365981630375042,0,0.566613971567311,0.566613971567311,5.6661397156731095,3.3996838294038656,3.9662978009711765,4.532911772538488,0,0,0,5.099525744105798,1.133227943134622,1.133227943134622,5.6661397156731095,0.566613971567311,0,6.799367658807731,5.6661397156731095,3.3996838294038656,4.532911772538488,4.532911772538488,5.099525744105798,1.133227943134622,2.266455886269244,14.165349289182771,1.6998419147019328,3.3996838294038656,5.099525744105798,0.566613971567311,0.566613971567311,9.632437516644286,18.698261061721258,16.998419147019327,19.831489004855882,23.231172834259745,1.133227943134622,1.6998419147019328,14.731963260750083,28.330698578365542,17.565033118586637,16.431805175452016,13.03212134604815,0,0.566613971567311,7.365981630375042,25.49762872052899,8.499209573509663,11.332279431346219,9.065823545076976,3.3996838294038656,1.6998419147019328,9.065823545076976,11.332279431346219,7.365981630375042,5.099525744105798,4.532911772538488,1.133227943134622,1.133227943134622,6.23275368724042,9.065823545076976,2.8330698578365547,9.065823545076976,9.065823545076976,3.3996838294038656,1.133227943134622,6.23275368724042,7.365981630375042,5.099525744105798,13.598735317615462,1.6998419147019328
Baix Camp,0,0,0,0,0,0,0,0,0,0,0,0,0,0,0,0.5225015283169704,1.0450030566339408,0,1.0450030566339408,1.0450030566339408,0.5225015283169704,3.135009169901822,3.135009169901822,5.7475168114866735,1.567504584950911,2.612507641584852,3.657510698218792,3.135009169901822,6.270018339803644,3.657510698218792,7.8375229247545555,6.792519868120614,6.270018339803644,1.567504584950911,6.270018339803644,2.612507641584852,3.135009169901822,4.180012226535763,12.017535151290318,2.612507641584852,2.0900061132678815,4.180012226535763,1.567504584950911,2.0900061132678815,1.567504584950911,3.657510698218792,1.0450030566339408,1.0450030566339408,2.0900061132678815,2.0900061132678815,4.702513754852733,5.7475168114866735,1.567504584950911,0.5225015283169704,1.0450030566339408,3.135009169901822,2.612507641584852,2.0900061132678815,1.0450030566339408,1.567504584950911,0.5225015283169704,0,1.567504584950911,0.5225015283169704,0.5225015283169704,0,0.5225015283169704,0.5225015283169704,0,0.5225015283169704,1.567504584950911,1.0450030566339408,0.5225015283169704,1.0450030566339408,0,0,0.5225015283169704,1.567504584950911,0.5225015283169704,1.567504584950911,1.0450030566339408,0.5225015283169704,0,12.540036679607288,0.5225015283169704,0,0.5225015283169704,1.0450030566339408,0,0,1.0450030566339408,1.0450030566339408,2.612507641584852,2.612507641584852,1.567504584950911,0.5225015283169704,0,1.0450030566339408,2.0900061132678815,0.5225015283169704,1.567504584950911,0,0.5225015283169704,0,1.0450030566339408,0.5225015283169704,1.567504584950911,1.567504584950911,1.0450030566339408,0,0,1.0450030566339408,0,0,0.5225015283169704,0.5225015283169704,0,0,0,0.5225015283169704,0,0,0,0,0,0,0,0,0,1.0450030566339408,0.5225015283169704,1.0450030566339408,0.5225015283169704,0.5225015283169704,0,1.0450030566339408,0,0.5225015283169704,0,2.0900061132678815,1.567504584950911,4.702513754852733,0.5225015283169704,2.612507641584852,0.5225015283169704,1.567504584950911,2.0900061132678815,3.657510698218792,6.270018339803644,8.360024453071526,5.7475168114866735,4.180012226535763,2.0900061132678815,2.612507641584852,2.0900061132678815,5.225015283169704,2.0900061132678815,6.792519868120614,5.7475168114866735,2.612507641584852,4.702513754852733,3.657510698218792,5.225015283169704,3.657510698218792,5.7475168114866735,4.702513754852733,7.315021396437584,7.8375229247545555,10.450030566339407,10.450030566339407,9.927529038022435,20.900061132678815,15.152544321192138,9.405027509705466,13.585039736241228,22.467565717629725,20.900061132678815,3.135009169901822,1.0450030566339408
Baix Ebre,0,0,0,0,0,0,0,0,0,0,0,0,0,0,0,6.1338403974728575,3.680304238483715,1.2267680794945715,0,0,2.453536158989143,0,4.907072317978286,1.2267680794945715,2.453536158989143,2.453536158989143,1.2267680794945715,9.814144635956572,14.72121695393486,1.2267680794945715,6.1338403974728575,2.453536158989143,2.453536158989143,1.2267680794945715,1.2267680794945715,3.680304238483715,3.680304238483715,1.2267680794945715,3.680304238483715,2.453536158989143,2.453536158989143,3.680304238483715,6.1338403974728575,4.907072317978286,2.453536158989143,0,3.680304238483715,6.1338403974728575,4.907072317978286,6.1338403974728575,1.2267680794945715,2.453536158989143,1.2267680794945715,3.680304238483715,0,0,1.2267680794945715,3.680304238483715,1.2267680794945715,1.2267680794945715,0,0,0,0,0,0,0,0,0,0,1.2267680794945715,1.2267680794945715,3.680304238483715,1.2267680794945715,1.2267680794945715,0,0,1.2267680794945715,1.2267680794945715,0,0,0,0,0,0,0,1.2267680794945715,0,0,0,0,0,1.2267680794945715,0,0,0,0,0,0,0,0,0,0,0,0,0,0,0,0,0,0,0,0,0,0,0,0,0,0,0,0,0,0,0,0,0,0,3.680304238483715,2.453536158989143,2.453536158989143,1.2267680794945715,1.2267680794945715,0,2.453536158989143,0,4.907072317978286,2.453536158989143,0,1.2267680794945715,4.907072317978286,3.680304238483715,3.680304238483715,7.36060847696743,13.494448874440288,4.907072317978286,4.907072317978286,2.453536158989143,9.814144635956572,11.040912715451144,14.72121695393486,3.680304238483715,2.453536158989143,3.680304238483715,4.907072317978286,7.36060847696743,9.814144635956572,12.267680794945715,19.628289271913143,3.680304238483715,4.907072317978286,6.1338403974728575,12.267680794945715,12.267680794945715,1.2267680794945715,4.907072317978286,2.453536158989143,1.2267680794945715,9.814144635956572,20.855057351407716,6.1338403974728575,2.453536158989143,31.895970066858858,7.36060847696743,4.907072317978286,0,12.267680794945715,3.680304238483715,6.1338403974728575,0
Baix Empordà ,0,0,0,0,0,0,0,0,0,0,0,0,0,0,0,0.7591919161244771,0,3.7959595806223856,1.5183838322489542,0.7591919161244771,0.7591919161244771,3.7959595806223856,4.555151496746863,7.591919161244771,9.869494909618203,10.62868682574268,5.31434341287134,9.869494909618203,15.183838322489542,22.775757483734314,13.665454490240588,12.147070657991634,8.351111077369248,5.31434341287134,13.665454490240588,9.869494909618203,7.591919161244771,12.906262574116111,13.665454490240588,5.31434341287134,5.31434341287134,14.424646406365065,10.62868682574268,2.2775757483734314,9.110302993493725,5.31434341287134,3.0367676644979085,3.7959595806223856,8.351111077369248,9.869494909618203,7.591919161244771,9.869494909618203,3.0367676644979085,3.0367676644979085,5.31434341287134,9.869494909618203,14.424646406365065,9.110302993493725,18.97979790311193,25.053333232107743,3.0367676644979085,3.0367676644979085,14.424646406365065,11.387878741867157,15.183838322489542,19.738989819236405,6.832727245120294,0,2.2775757483734314,20.49818173536088,9.869494909618203,3.7959595806223856,7.591919161244771,5.31434341287134,1.5183838322489542,3.0367676644979085,9.869494909618203,12.147070657991634,13.665454490240588,9.110302993493725,3.0367676644979085,2.2775757483734314,0,3.0367676644979085,5.31434341287134,3.0367676644979085,7.591919161244771,0.7591919161244771,0.7591919161244771,0.7591919161244771,5.31434341287134,10.62868682574268,3.0367676644979085,3.0367676644979085,1.5183838322489542,3.0367676644979085,0,0,2.2775757483734314,3.0367676644979085,1.5183838322489542,1.5183838322489542,0,0.7591919161244771,0,0,0,0,3.0367676644979085,0,0,1.5183838322489542,0,0.7591919161244771,0.7591919161244771,0,0,0,0,0,0.7591919161244771,1.5183838322489542,0,0,0,0.7591919161244771,3.0367676644979085,0,2.2775757483734314,1.5183838322489542,0,0,0,0.7591919161244771,0,1.5183838322489542,2.2775757483734314,0,0,2.2775757483734314,10.62868682574268,12.906262574116111,3.7959595806223856,3.0367676644979085,2.2775757483734314,0.7591919161244771,2.2775757483734314,1.5183838322489542,6.073535328995817,1.5183838322489542,0,1.5183838322489542,0.7591919161244771,4.555151496746863,2.2775757483734314,3.0367676644979085,9.110302993493725,1.5183838322489542,0.7591919161244771,3.0367676644979085,0,5.31434341287134,3.7959595806223856,3.7959595806223856,4.555151496746863,0,3.7959595806223856,8.351111077369248,6.832727245120294,5.31434341287134,6.073535328995817,5.31434341287134,4.555151496746863,1.5183838322489542,10.62868682574268,9.110302993493725,7.591919161244771,0.7591919161244771,0
Baix Llobregat,0,0,0,0,0,0,0,0,0,0.12472762604662069,0.12472762604662069,0,0,0.12472762604662069,1.2472762604662069,0.9978210083729655,3.866556407445241,5.488015546051311,5.238560293958069,6.111653676284414,13.096400734895173,15.216770377687725,18.33496102885324,21.203696427925518,27.938988234443034,18.709143906993102,9.604027205589793,26.691711973976826,25.569163339557242,27.31535010420993,28.936809242815997,23.57352132281131,30.93245125956193,17.212412394433656,28.81208161676938,28.81208161676938,15.840408507920829,16.21459138606069,25.818618591650484,22.700427940484964,7.733112814890482,18.958599159086347,18.459688654899864,15.965136133967448,18.33496102885324,6.236381302331035,18.833871533039723,8.98038907535669,4.116011659538483,13.969494117221517,10.477120587916138,15.092042751641102,18.21023340280662,5.6127431720979315,6.860019432564138,11.849124474428965,13.844766491174896,13.720038865128275,13.969494117221517,5.36328792000469,3.4923735293053793,8.107295693030345,5.238560293958069,14.967315125594482,4.614922163724966,6.610564180470897,4.739649789771587,2.4945525209324138,2.120369642792552,3.6171011553519996,3.866556407445241,3.6171011553519996,2.4945525209324138,6.610564180470897,0.9978210083729655,0.8730933823263448,4.116011659538483,5.238560293958069,7.733112814890482,2.993463025118897,3.991284033491862,0.24945525209324138,0.24945525209324138,2.7440077730256554,4.864377415818207,3.367645903258759,4.240739285585104,6.361108928377655,0.49891050418648275,0.3741828781398621,2.6192801469790346,3.242918277212138,4.240739285585104,4.240739285585104,3.866556407445241,0.6236381302331034,0.12472762604662069,0.3741828781398621,3.991284033491862,1.995642016745931,1.995642016745931,2.6192801469790346,0.3741828781398621,0.12472762604662069,3.991284033491862,1.7461867646526896,2.2450972688391726,2.120369642792552,3.1181906511655173,0.12472762604662069,0.24945525209324138,1.1225486344195863,4.365466911631724,1.1225486344195863,1.3720038865128277,1.2472762604662069,0.24945525209324138,0.24945525209324138,1.1225486344195863,1.4967315125594485,0.24945525209324138,1.621459138606069,2.868735399072276,0.3741828781398621,0.24945525209324138,1.3720038865128277,1.1225486344195863,0.9978210083729655,0.7483657562797242,2.4945525209324138,0.6236381302331034,0.12472762604662069,0.7483657562797242,4.116011659538483,3.991284033491862,4.116011659538483,8.730933823263449,1.4967315125594485,0.7483657562797242,13.345855986988413,20.455330671645793,23.82297657490455,14.593132247454623,20.455330671645793,4.9891050418648275,3.242918277212138,16.33931901210731,18.958599159086347,19.83169254141269,29.934630251188963,24.197159453044414,4.365466911631724,6.860019432564138,13.969494117221517,26.94116722607007,23.57352132281131,19.208054411179585,22.94988319257821,8.356750945123586,3.4923735293053793,13.096400734895173,22.450972688391726,18.833871533039723,16.46404663815393,23.074610818624826,3.866556407445241,1.8709143906993102,14.34367699536138,13.844766491174896,13.221128360941794,14.34367699536138,20.20587541955255,7.733112814890482,3.1181906511655173,10.227665335822897,13.720038865128275,14.717859873501242,11.973852100475588,1.4967315125594485
Baix Penedès,0,0,0,0,0,0,0,0,0,0,0,0,0,0,0,0,0.9939962625740527,0,1.9879925251481054,0,6.957973838018369,7.951970100592422,4.969981312870264,4.969981312870264,11.927955150888632,9.939962625740527,4.969981312870264,15.903940201184843,11.927955150888632,13.915947676036739,5.963977575444316,14.909943938610791,11.927955150888632,4.969981312870264,9.939962625740527,18.885928988907,26.837899089499427,15.903940201184843,15.903940201184843,9.939962625740527,5.963977575444316,15.903940201184843,15.903940201184843,8.945966363166475,6.957973838018369,4.969981312870264,6.957973838018369,3.975985050296211,3.975985050296211,1.9879925251481054,11.927955150888632,3.975985050296211,3.975985050296211,1.9879925251481054,1.9879925251481054,5.963977575444316,2.981988787722158,7.951970100592422,4.969981312870264,4.969981312870264,2.981988787722158,0.9939962625740527,3.975985050296211,1.9879925251481054,0.9939962625740527,0,3.975985050296211,0.9939962625740527,0.9939962625740527,0,1.9879925251481054,0,1.9879925251481054,0.9939962625740527,0,0,1.9879925251481054,0,1.9879925251481054,1.9879925251481054,0.9939962625740527,0,0,0,4.969981312870264,4.969981312870264,0.9939962625740527,0.9939962625740527,0,0,0.9939962625740527,0,0.9939962625740527,0.9939962625740527,1.9879925251481054,0,0,0,3.975985050296211,0,0,0,0.9939962625740527,0,0.9939962625740527,0,0.9939962625740527,1.9879925251481054,0.9939962625740527,0,0,0,0,0.9939962625740527,0,0,0,0,0,0,0,0,0,0,0,0,0,0.9939962625740527,0,3.975985050296211,0,0,0,0,0,0.9939962625740527,1.9879925251481054,0.9939962625740527,0,0,2.981988787722158,2.981988787722158,1.9879925251481054,2.981988787722158,3.975985050296211,1.9879925251481054,0,3.975985050296211,2.981988787722158,5.963977575444316,0.9939962625740527,6.957973838018369,1.9879925251481054,0,1.9879925251481054,2.981988787722158,2.981988787722158,5.963977575444316,1.9879925251481054,0,2.981988787722158,3.975985050296211,6.957973838018369,4.969981312870264,6.957973838018369,3.975985050296211,7.951970100592422,5.963977575444316,6.957973838018369,7.951970100592422,6.957973838018369,10.93395888831458,8.945966363166475,8.945966363166475,6.957973838018369,17.89193272633295,6.957973838018369,0,0
Barcelonès,0,0,0,0,0,0,0.08926495221423945,0,0.04463247610711973,0.08926495221423945,0,0.04463247610711973,0,0.26779485664271835,0.7141196177139156,1.5175041876420707,3.7044955168909373,5.266632180640127,6.47170903553236,7.810683318745952,14.951879495885109,15.755264065813265,18.165417775597728,24.36933195448737,25.440511381058247,25.083451572201284,18.701007488883167,30.082288896198698,33.16192974758996,32.804869938733,38.25003202380161,31.33199822719805,27.761400138628474,19.147332249954363,27.270442901450153,27.359707853664393,25.038819096094166,19.6829219632398,22.98572519516666,12.809520642743363,9.81914474356634,18.38858015613333,17.808357966740772,20.173879200418117,19.81681939156116,14.951879495885109,12.809520642743363,10.220837028530418,9.64061483913786,20.530939009275077,21.780648340274425,24.324699478380253,28.07382747137831,10.622529313494496,9.59598236303074,17.897622918955012,16.156956350777342,10.756426741815854,12.184665977243686,14.996511971992229,5.891486846139804,6.650238939960839,4.686409991247571,6.873401320496438,6.070016750568283,6.114649226675403,3.3474357080339794,3.2581707558197404,1.3836067593207115,3.8383929452122967,4.731042467354691,5.757589417818445,4.5078800868190925,3.5705980885695787,3.436700660248219,1.3836067593207115,3.3028032319268594,5.266632180640127,4.998837323997409,4.3293501823906135,4.731042467354691,0.8926495221423947,0.3570598088569578,3.4813331363553393,5.400529608961487,5.311264656747248,6.382444083318122,8.34627303203139,0.803384569928155,0.490957237178317,5.177367228425888,5.221999704533008,5.668324465604205,3.7937604691051767,4.686409991247571,1.0711794265708734,0.490957237178317,0.4016922849640775,2.0977263770346273,3.168905803605501,3.436700660248219,2.9011109469627825,0.490957237178317,0.3124273327498381,1.3836067593207115,1.7406665681776696,2.142358853141747,1.8299315203919089,3.168905803605501,0.1785299044284789,0.4016922849640775,1.1604443787851129,1.963828948713268,1.5621366637491902,2.0977263770346273,1.69603409207055,0.4016922849640775,0.22316238053559867,1.2050768548922326,2.0530939009275073,0.22316238053559867,1.2497093309993523,3.3474357080339794,0.26779485664271835,0.3124273327498381,2.5440511381058246,4.6417775151404514,6.9626662727106785,6.828768844389318,7.051931224924917,0.490957237178317,0.803384569928155,6.42707655942524,9.81914474356634,11.738341216172488,13.077315499386081,21.28969110309611,2.2316238053559863,2.410153709784465,18.879537393311644,20.75410138981067,23.744477288987696,25.663673761593845,35.572083457374426,7.899948270960192,9.194290078066665,21.42358853141747,33.16192974758996,28.877212041306464,28.341622328021028,26.37779337930776,10.399366932958896,6.42707655942524,22.093075673024266,28.743314612985102,28.430887280235268,27.58287023419999,27.40434032977151,8.747965316995467,4.95420484789029,18.12078529949061,23.298152527916496,23.655212336773456,20.486306533167955,22.226973101345624,6.293179131103882,3.8383929452122967,17.85299044284789,22.137708149131385,21.15579367477475,20.530939009275077,21.02189624645339,7.364358557674755,3.3920681841411,18.656375012776046,24.994186619987044,23.253520051809378,14.639452163135271,1.294341807106472
Berguedà ,0,0,0,0,0,0,0,0,0,0,0,0,0,0,0,0,0,0,0,0,5.032332737840625,2.5161663689203126,20.1293309513625,32.71016279596407,12.580831844601565,0,5.032332737840625,15.096998213521879,50.32332737840626,45.290994640565636,27.67783005812344,27.67783005812344,40.258661902725,10.06466547568125,60.387992854087514,40.258661902725,20.1293309513625,22.645497320282818,22.645497320282818,25.16166368920313,27.67783005812344,15.096998213521879,35.22632916488438,27.67783005812344,30.193996427043757,15.096998213521879,7.548499106760939,7.548499106760939,17.61316458244219,7.548499106760939,17.61316458244219,20.1293309513625,78.0011574365297,80.51732380545,7.548499106760939,7.548499106760939,65.42032559192813,62.904159223007824,42.77482827164532,27.67783005812344,45.290994640565636,0,5.032332737840625,30.193996427043757,5.032332737840625,0,2.5161663689203126,0,0,2.5161663689203126,0,2.5161663689203126,2.5161663689203126,0,5.032332737840625,0,0,0,2.5161663689203126,2.5161663689203126,0,0,0,0,5.032332737840625,2.5161663689203126,7.548499106760939,5.032332737840625,0,2.5161663689203126,5.032332737840625,2.5161663689203126,30.193996427043757,0,5.032332737840625,0,0,7.548499106760939,0,15.096998213521879,5.032332737840625,5.032332737840625,0,0,2.5161663689203126,2.5161663689203126,2.5161663689203126,0,0,0,0,0,0,5.032332737840625,0,5.032332737840625,0,0,2.5161663689203126,2.5161663689203126,0,2.5161663689203126,0,0,0,0,2.5161663689203126,2.5161663689203126,2.5161663689203126,0,0,0,2.5161663689203126,5.032332737840625,5.032332737840625,0,0,0,0,5.032332737840625,0,25.16166368920313,2.5161663689203126,30.193996427043757,0,2.5161663689203126,5.032332737840625,5.032332737840625,0,12.580831844601565,0,0,2.5161663689203126,0,0,7.548499106760939,0,12.580831844601565,10.06466547568125,0,5.032332737840625,5.032332737840625,2.5161663689203126,0,0,0,2.5161663689203126,10.06466547568125,7.548499106760939,2.5161663689203126,2.5161663689203126,2.5161663689203126,0,2.5161663689203126,0,2.5161663689203126,7.548499106760939,12.580831844601565,0
Cerdanya,0,0,0,0,0,0,0,0,0,0,0,0,0,0,0,0,0,0,0,0,5.3963628514381305,0,0,0,5.3963628514381305,0,0,0,10.792725702876261,32.37817710862878,26.981814257190656,16.18908855431439,16.18908855431439,0,0,5.3963628514381305,16.18908855431439,10.792725702876261,10.792725702876261,10.792725702876261,10.792725702876261,5.3963628514381305,0,5.3963628514381305,10.792725702876261,0,5.3963628514381305,0,0,0,5.3963628514381305,5.3963628514381305,0,0,5.3963628514381305,0,5.3963628514381305,0,5.3963628514381305,0,5.3963628514381305,0,0,0,0,0,0,0,0,0,0,10.792725702876261,0,0,0,0,0,0,0,5.3963628514381305,0,0,0,0,5.3963628514381305,0,0,0,5.3963628514381305,0,0,21.585451405752522,5.3963628514381305,32.37817710862878,10.792725702876261,0,0,0,10.792725702876261,0,0,0,0,0,0,0,0,0,5.3963628514381305,0,0,0,5.3963628514381305,5.3963628514381305,5.3963628514381305,0,0,5.3963628514381305,0,0,0,0,0,0,0,0,0,0,0,0,0,0,0,0,0,0,0,0,0,0,0,0,0,0,0,0,0,5.3963628514381305,0,0,5.3963628514381305,0,0,0,0,0,0,5.3963628514381305,5.3963628514381305,5.3963628514381305,0,5.3963628514381305,5.3963628514381305,0,0,5.3963628514381305,0,0,0,0,5.3963628514381305,0,0,5.3963628514381305,5.3963628514381305,0,21.585451405752522,0,0
Conca de Barberà ,0,0,0,0,0,0,0,0,0,0,0,0,0,0,0,0,0,0,5.015296654797131,0,0,5.015296654797131,0,15.045889964391392,10.030593309594263,0,5.015296654797131,5.015296654797131,15.045889964391392,0,20.061186619188526,5.015296654797131,5.015296654797131,5.015296654797131,20.061186619188526,10.030593309594263,10.030593309594263,5.015296654797131,0,0,5.015296654797131,5.015296654797131,20.061186619188526,40.12237323837705,70.21415316715984,5.015296654797131,5.015296654797131,0,0,0,5.015296654797131,5.015296654797131,10.030593309594263,5.015296654797131,0,10.030593309594263,10.030593309594263,0,5.015296654797131,15.045889964391392,0,0,0,5.015296654797131,5.015296654797131,5.015296654797131,0,0,0,30.091779928782785,0,0,5.015296654797131,10.030593309594263,0,0,0,0,0,0,0,0,0,5.015296654797131,0,0,0,0,0,0,0,0,0,0,0,0,0,0,0,5.015296654797131,0,0,0,0,0,5.015296654797131,30.091779928782785,5.015296654797131,0,0,0,0,0,0,0,0,0,0,0,0,0,0,0,0,0,0,0,0,0,0,0,0,0,0,0,10.030593309594263,5.015296654797131,5.015296654797131,0,5.015296654797131,5.015296654797131,0,5.015296654797131,15.045889964391392,5.015296654797131,0,5.015296654797131,5.015296654797131,0,5.015296654797131,0,0,0,10.030593309594263,0,0,0,0,0,0,0,0,5.015296654797131,10.030593309594263,0,0,0,0,0,5.015296654797131,5.015296654797131,0,10.030593309594263,0,5.015296654797131,0,0,0,0
Garraf,0,0,0,0,0,0,0,0,0,0,0,0,0,0,0.6886862620864439,0.6886862620864439,1.3773725241728878,4.132117572518664,0,5.509490096691551,6.886862620864439,6.198176358777995,5.509490096691551,8.264235145037327,13.085038979642434,6.198176358777995,4.820803834605107,23.415332910939092,15.839784027988209,9.641607669210215,8.952921407123771,6.198176358777995,8.264235145037327,6.198176358777995,12.39635271755599,19.97190160050687,32.36825431806286,29.61350926971709,23.415332910939092,3.4434313104322194,6.198176358777995,11.018980193383102,12.39635271755599,9.641607669210215,39.94380320101374,47.519352083964634,4.132117572518664,4.132117572518664,4.132117572518664,4.132117572518664,5.509490096691551,2.066058786259332,13.773725241728878,2.066058786259332,0.6886862620864439,2.7547450483457756,5.509490096691551,18.594529076333988,8.264235145037327,2.7547450483457756,0,0,6.198176358777995,2.066058786259332,9.641607669210215,3.4434313104322194,2.7547450483457756,5.509490096691551,0,1.3773725241728878,0,2.7547450483457756,8.952921407123771,1.3773725241728878,1.3773725241728878,1.3773725241728878,1.3773725241728878,2.066058786259332,2.066058786259332,0,5.509490096691551,2.7547450483457756,0,0.6886862620864439,4.132117572518664,2.066058786259332,2.7547450483457756,1.3773725241728878,0,0,4.132117572518664,1.3773725241728878,3.4434313104322194,1.3773725241728878,0.6886862620864439,0.6886862620864439,0,1.3773725241728878,2.7547450483457756,0,0,2.7547450483457756,0,0,1.3773725241728878,2.066058786259332,0.6886862620864439,1.3773725241728878,0.6886862620864439,0,0,0.6886862620864439,0.6886862620864439,0.6886862620864439,0.6886862620864439,0.6886862620864439,0,0,0.6886862620864439,0,0,2.066058786259332,1.3773725241728878,0,0,0.6886862620864439,0.6886862620864439,3.4434313104322194,1.3773725241728878,4.820803834605107,0,0,1.3773725241728878,3.4434313104322194,2.7547450483457756,5.509490096691551,1.3773725241728878,0,0.6886862620864439,4.820803834605107,8.264235145037327,5.509490096691551,6.886862620864439,6.198176358777995,4.132117572518664,0,4.820803834605107,3.4434313104322194,2.7547450483457756,1.3773725241728878,4.132117572518664,1.3773725241728878,2.7547450483457756,3.4434313104322194,7.5755488829508835,7.5755488829508835,4.132117572518664,7.5755488829508835,4.132117572518664,2.066058786259332,2.7547450483457756,5.509490096691551,2.7547450483457756,6.886862620864439,10.330293931296659,0,0,1.3773725241728878,4.820803834605107,6.198176358777995,4.132117572518664,11.707666455469546,1.3773725241728878,5.509490096691551,2.7547450483457756,9.641607669210215,7.5755488829508835,1.3773725241728878,0
Garrigues,0,0,0,0,0,0,0,0,0,0,0,0,0,0,0,0,0,0,0,0,0,0,5.273427200337499,5.273427200337499,5.273427200337499,21.093708801349997,10.546854400674999,5.273427200337499,15.820281601012498,21.093708801349997,10.546854400674999,21.093708801349997,15.820281601012498,10.546854400674999,15.820281601012498,5.273427200337499,5.273427200337499,10.546854400674999,0,0,0,0,15.820281601012498,21.093708801349997,0,10.546854400674999,0,0,0,10.546854400674999,10.546854400674999,5.273427200337499,5.273427200337499,0,0,0,5.273427200337499,15.820281601012498,5.273427200337499,0,0,0,0,0,0,0,0,0,0,5.273427200337499,0,0,0,0,0,0,0,0,5.273427200337499,0,5.273427200337499,0,0,0,0,5.273427200337499,5.273427200337499,31.640563202024996,0,0,0,0,5.273427200337499,0,0,0,0,5.273427200337499,10.546854400674999,0,5.273427200337499,5.273427200337499,0,0,5.273427200337499,0,0,0,5.273427200337499,0,0,0,0,5.273427200337499,0,0,21.093708801349997,0,0,0,0,0,0,0,10.546854400674999,0,5.273427200337499,26.3671360016875,5.273427200337499,0,0,5.273427200337499,0,10.546854400674999,0,21.093708801349997,0,21.093708801349997,0,15.820281601012498,10.546854400674999,5.273427200337499,15.820281601012498,5.273427200337499,15.820281601012498,10.546854400674999,0,10.546854400674999,5.273427200337499,10.546854400674999,21.093708801349997,10.546854400674999,15.820281601012498,15.820281601012498,36.913990402362494,10.546854400674999,79.1014080050625,10.546854400674999,21.093708801349997,10.546854400674999,15.820281601012498,26.3671360016875,15.820281601012498,0,15.820281601012498,10.546854400674999,5.273427200337499,15.820281601012498,31.640563202024996,5.273427200337499,0,21.093708801349997,5.273427200337499,5.273427200337499,5.273427200337499,15.820281601012498,10.546854400674999,0,0
Garrotxa,0,0,0,0,0,0,0,0,0,0,0,0,0,0,0,0,0,0,0,7.2583425574769995,1.8145856393692499,7.2583425574769995,12.70209947558475,5.44375691810775,29.033370229907998,14.516685114953999,19.960442033061753,10.8875138362155,34.47712714801575,18.1458563936925,14.516685114953999,38.10629842675425,9.07292819684625,10.8875138362155,36.291712787385,29.033370229907998,30.84795586927725,39.920884066123506,29.033370229907998,23.58961331180025,3.6291712787384998,25.4041989511695,10.8875138362155,9.07292819684625,29.033370229907998,5.44375691810775,9.07292819684625,5.44375691810775,5.44375691810775,9.07292819684625,3.6291712787384998,32.662541508646505,45.36464098423125,112.5043096408935,1.8145856393692499,14.516685114953999,108.87513836215501,50.808397902339,27.218784590538753,10.8875138362155,3.6291712787384998,1.8145856393692499,3.6291712787384998,3.6291712787384998,3.6291712787384998,1.8145856393692499,3.6291712787384998,5.44375691810775,1.8145856393692499,1.8145856393692499,7.2583425574769995,30.84795586927725,3.6291712787384998,14.516685114953999,1.8145856393692499,0,1.8145856393692499,14.516685114953999,3.6291712787384998,1.8145856393692499,10.8875138362155,0,1.8145856393692499,5.44375691810775,3.6291712787384998,3.6291712787384998,3.6291712787384998,5.44375691810775,0,0,7.2583425574769995,5.44375691810775,3.6291712787384998,0,12.70209947558475,0,3.6291712787384998,3.6291712787384998,9.07292819684625,12.70209947558475,9.07292819684625,19.960442033061753,9.07292819684625,0,5.44375691810775,12.70209947558475,12.70209947558475,5.44375691810775,3.6291712787384998,0,0,3.6291712787384998,14.516685114953999,5.44375691810775,0,7.2583425574769995,0,0,9.07292819684625,5.44375691810775,0,1.8145856393692499,5.44375691810775,0,0,7.2583425574769995,0,10.8875138362155,16.331270754323253,7.2583425574769995,0,0,9.07292819684625,5.44375691810775,9.07292819684625,1.8145856393692499,7.2583425574769995,0,0,3.6291712787384998,9.07292819684625,7.2583425574769995,1.8145856393692499,1.8145856393692499,0,0,5.44375691810775,3.6291712787384998,3.6291712787384998,3.6291712787384998,5.44375691810775,1.8145856393692499,1.8145856393692499,0,5.44375691810775,14.516685114953999,1.8145856393692499,14.516685114953999,1.8145856393692499,0,18.1458563936925,3.6291712787384998,3.6291712787384998,3.6291712787384998,27.218784590538753,1.8145856393692499,0,10.8875138362155,5.44375691810775,14.516685114953999,14.516685114953999,10.8875138362155,1.8145856393692499,3.6291712787384998,12.70209947558475,9.07292819684625,27.218784590538753,1.8145856393692499,3.6291712787384998
Gironès,0,0,0,0.5501942185591513,0,0,0,0,0,0,0.5501942185591513,0,0,0.5501942185591513,0.5501942185591513,0.5501942185591513,0,12.65446702686048,4.951747967032363,7.152524841268967,7.702719059828119,11.003884371183029,14.855243901097086,20.3571860866886,35.21242998778568,11.003884371183029,22.007768742366057,19.80699186812945,24.208545616602663,21.457574523806905,31.91126467643078,18.156409212451994,12.65446702686048,17.056020775333693,23.10815717948436,20.3571860866886,16.50582655677454,24.758739835161816,13.204661245419633,11.003884371183029,4.951747967032363,15.405438119656239,20.3571860866886,11.55407858974218,9.903495934064726,12.104272808301332,13.204661245419633,7.702719059828119,6.052136404150666,12.65446702686048,23.10815717948436,13.754855463978785,25.30893405372096,6.052136404150666,2.200776874236605,26.959516709398418,52.26845076311938,56.670004511592595,68.77427731989393,41.264566391936356,5.501942185591514,3.301165311354908,9.353301715505573,18.706603431011146,26.959516709398418,10.453690152623876,6.602330622709816,0,2.200776874236605,14.305049682537934,14.855243901097086,10.453690152623876,8.80310749694642,7.702719059828119,1.1003884371183026,7.702719059828119,9.903495934064726,9.353301715505573,6.602330622709816,7.702719059828119,6.602330622709816,5.501942185591514,2.750971092795757,6.052136404150666,9.903495934064726,7.702719059828119,14.855243901097086,9.903495934064726,2.750971092795757,1.1003884371183026,2.750971092795757,10.453690152623876,4.951747967032363,4.40155374847321,8.25291327838727,3.301165311354908,1.650582655677454,1.1003884371183026,4.951747967032363,9.903495934064726,4.951747967032363,7.152524841268967,0.5501942185591513,0.5501942185591513,2.200776874236605,2.750971092795757,0.5501942185591513,3.301165311354908,3.8513595299140597,0,0.5501942185591513,1.650582655677454,0.5501942185591513,2.200776874236605,0,2.750971092795757,0,1.1003884371183026,1.1003884371183026,0,0,1.1003884371183026,1.650582655677454,0,0,1.1003884371183026,0,1.1003884371183026,0.5501942185591513,1.1003884371183026,0.5501942185591513,1.1003884371183026,0,1.650582655677454,1.1003884371183026,7.152524841268967,3.301165311354908,1.650582655677454,1.1003884371183026,12.65446702686048,9.903495934064726,8.25291327838727,8.25291327838727,21.457574523806905,1.1003884371183026,1.650582655677454,9.353301715505573,7.152524841268967,9.903495934064726,8.25291327838727,9.353301715505573,1.1003884371183026,2.200776874236605,10.453690152623876,7.152524841268967,6.602330622709816,8.80310749694642,8.25291327838727,1.650582655677454,2.750971092795757,5.501942185591514,14.855243901097086,6.052136404150666,10.453690152623876,6.602330622709816,2.200776874236605,3.301165311354908,6.602330622709816,19.80699186812945,9.353301715505573,9.903495934064726,18.706603431011146,7.702719059828119,12.104272808301332,7.702719059828119,20.907380305247752,15.95563233821539,6.602330622709816,4.951747967032363
Maresme,0,0,0,0,0,0,0,0,0,0,0,0.23028951998452454,0.6908685599535737,0,0,1.6120266398916718,0.9211580799380982,3.4543427997678684,2.9937637597988194,5.06636943965954,5.987527519597639,7.138975119520261,9.441870319365506,12.435634079164325,12.665923599148849,10.13273887931908,7.59955415948931,14.968818798994095,20.035188238653635,16.580845438885767,16.81113495887029,17.502003518823866,10.363028399303605,6.217817039582163,15.429397838963144,13.58708167908695,12.665923599148849,11.975055039195277,12.2053445591798,8.981291279396457,5.526948479628589,13.58708167908695,20.72605679860721,15.889976878932194,14.047660719055996,10.593317919288129,13.58708167908695,4.145211359721442,8.751001759411933,30.628506157941768,21.64721487854531,11.053896959257179,9.902449359334556,6.217817039582163,9.211580799380982,24.18039959837508,6.448106559566687,37.99777079744655,17.502003518823866,9.902449359334556,4.3755008797059665,1.3817371199071473,6.217817039582163,7.138975119520261,5.757237999613114,5.06636943965954,2.3028951998452456,2.53318471982977,1.8423161598761963,5.2966589596440645,1.6120266398916718,8.751001759411933,5.06636943965954,3.9149218397369174,3.6846323197523927,2.072605679860721,8.290422719442883,2.3028951998452456,2.7634742398142946,2.7634742398142946,4.3755008797059665,1.3817371199071473,0.6908685599535737,2.53318471982977,4.836079919675015,7.138975119520261,1.8423161598761963,3.6846323197523927,0.6908685599535737,0.23028951998452454,2.9937637597988194,2.3028951998452456,1.8423161598761963,1.6120266398916718,1.1514475999226228,0.6908685599535737,0,0.4605790399690491,2.9937637597988194,1.6120266398916718,1.6120266398916718,3.2240532797833437,0.6908685599535737,0,1.1514475999226228,1.1514475999226228,1.1514475999226228,0.4605790399690491,1.6120266398916718,0.4605790399690491,0,1.8423161598761963,1.1514475999226228,0.9211580799380982,0.6908685599535737,2.7634742398142946,0.4605790399690491,0.23028951998452454,1.6120266398916718,1.8423161598761963,0.4605790399690491,0.23028951998452454,0.6908685599535737,0.4605790399690491,0.23028951998452454,1.6120266398916718,1.3817371199071473,1.1514475999226228,1.8423161598761963,0.9211580799380982,0.9211580799380982,0,2.7634742398142946,1.8423161598761963,2.53318471982977,1.1514475999226228,3.6846323197523927,0.9211580799380982,0.6908685599535737,6.217817039582163,3.2240532797833437,4.836079919675015,4.3755008797059665,7.829843679473835,1.8423161598761963,0.9211580799380982,5.526948479628589,7.59955415948931,10.13273887931908,7.138975119520261,4.836079919675015,3.2240532797833437,5.06636943965954,6.217817039582163,6.448106559566687,9.67215983935003,6.448106559566687,6.448106559566687,2.7634742398142946,2.7634742398142946,5.2966589596440645,6.908685599535737,5.526948479628589,11.975055039195277,6.678396079551212,2.53318471982977,4.605790399690491,3.9149218397369174,5.06636943965954,10.363028399303605,9.441870319365506,9.67215983935003,7.369264639504785,3.6846323197523927,14.968818798994095,13.1265026391179,11.975055039195277,7.138975119520261,0
Moianès,0,0,0,0,0,0,0,0,0,0,0,0,0,0,0,0,0,0,0,0,0,0,23.31364625427417,15.542430836182778,31.084861672365555,7.771215418091389,7.771215418091389,0,0,15.542430836182778,23.31364625427417,0,7.771215418091389,23.31364625427417,23.31364625427417,15.542430836182778,0,7.771215418091389,15.542430836182778,23.31364625427417,0,0,31.084861672365555,38.85607709045695,15.542430836182778,0,7.771215418091389,0,0,0,0,0,209.82281628846752,132.11066210755362,0,0,0,139.88187752564502,15.542430836182778,23.31364625427417,23.31364625427417,7.771215418091389,7.771215418091389,15.542430836182778,7.771215418091389,15.542430836182778,0,0,0,0,7.771215418091389,15.542430836182778,15.542430836182778,31.084861672365555,0,0,0,0,7.771215418091389,0,0,0,0,15.542430836182778,0,7.771215418091389,23.31364625427417,0,0,0,7.771215418091389,0,15.542430836182778,7.771215418091389,0,0,0,0,0,7.771215418091389,7.771215418091389,0,0,0,0,7.771215418091389,0,0,0,0,0,0,0,0,0,0,0,0,0,0,0,7.771215418091389,0,0,0,0,0,0,0,0,0,0,7.771215418091389,0,7.771215418091389,0,0,7.771215418091389,0,0,0,0,15.542430836182778,0,0,0,7.771215418091389,0,0,0,0,0,0,0,0,0,0,7.771215418091389,0,0,7.771215418091389,23.31364625427417,7.771215418091389,7.771215418091389,0,0,0,15.542430836182778,23.31364625427417,0,7.771215418091389,0,0,0,0,15.542430836182778,0,7.771215418091389,0
Montsià ,0,0,0,0,0,0,0,0,0,0,0,0,0,0,0,0,1.404139402959926,0,0,0,0,1.404139402959926,1.404139402959926,4.212418208879777,0,1.404139402959926,0,0,4.212418208879777,4.212418208879777,2.808278805919852,5.616557611839704,2.808278805919852,4.212418208879777,0,1.404139402959926,1.404139402959926,0,1.404139402959926,2.808278805919852,0,0,1.404139402959926,1.404139402959926,1.404139402959926,2.808278805919852,0,2.808278805919852,1.404139402959926,0,0,1.404139402959926,0,0,0,0,1.404139402959926,0,0,0,0,0,0,0,2.808278805919852,0,0,0,0,0,0,0,0,1.404139402959926,1.404139402959926,0,0,0,0,0,1.404139402959926,0,1.404139402959926,0,1.404139402959926,0,0,0,0,0,0,0,0,0,1.404139402959926,0,0,0,0,0,0,0,0,0,0,1.404139402959926,0,0,0,0,0,0,1.404139402959926,0,0,0,0,0,0,0,0,0,0,0,0,0,0,0,0,0,1.404139402959926,0,1.404139402959926,4.212418208879777,2.808278805919852,7.020697014799629,4.212418208879777,2.808278805919852,1.404139402959926,1.404139402959926,2.808278805919852,5.616557611839704,8.424836417759554,4.212418208879777,7.020697014799629,0,8.424836417759554,7.020697014799629,7.020697014799629,12.637254626639331,4.212418208879777,16.849672835519108,7.020697014799629,2.808278805919852,16.849672835519108,21.062091044398887,11.233115223679407,18.253812238479036,12.637254626639331,4.212418208879777,9.828975820719482,14.041394029599259,7.020697014799629,4.212418208879777,0,7.020697014799629,2.808278805919852,2.808278805919852,2.808278805919852,7.020697014799629,4.212418208879777,4.212418208879777,7.020697014799629,1.404139402959926,1.404139402959926,16.849672835519108,1.404139402959926,0,0
Noguera,0,0,0,0,0,0,0,0,0,0,0,0,0,0,0,2.549654521812294,0,12.748272609061472,0,2.549654521812294,2.549654521812294,33.145508783559826,5.099309043624588,12.748272609061472,2.549654521812294,7.648963565436882,0,22.94689069631065,35.69516330537212,50.993090436245886,2.549654521812294,35.69516330537212,12.748272609061472,43.344126870809006,7.648963565436882,35.69516330537212,20.397236174498353,17.84758165268606,5.099309043624588,7.648963565436882,0,2.549654521812294,7.648963565436882,7.648963565436882,12.748272609061472,28.046199739935236,10.198618087249177,5.099309043624588,7.648963565436882,0,5.099309043624588,0,2.549654521812294,2.549654521812294,0,2.549654521812294,2.549654521812294,28.046199739935236,30.59585426174753,2.549654521812294,0,0,0,7.648963565436882,2.549654521812294,0,0,0,0,0,0,0,2.549654521812294,7.648963565436882,0,0,0,0,0,2.549654521812294,2.549654521812294,12.748272609061472,2.549654521812294,5.099309043624588,2.549654521812294,7.648963565436882,5.099309043624588,5.099309043624588,0,7.648963565436882,0,2.549654521812294,5.099309043624588,0,12.748272609061472,0,0,0,5.099309043624588,0,7.648963565436882,5.099309043624588,0,0,2.549654521812294,2.549654521812294,0,5.099309043624588,0,0,0,2.549654521812294,0,0,2.549654521812294,0,2.549654521812294,0,0,5.099309043624588,0,2.549654521812294,2.549654521812294,0,2.549654521812294,0,5.099309043624588,0,5.099309043624588,10.198618087249177,12.748272609061472,10.198618087249177,28.046199739935236,45.8937813926213,56.09239947987047,50.993090436245886,48.4434359144336,38.24481782718441,68.84067208893195,30.59585426174753,2.549654521812294,38.24481782718441,10.198618087249177,33.145508783559826,30.59585426174753,20.397236174498353,61.19170852349506,43.344126870809006,50.993090436245886,30.59585426174753,53.54274495805819,12.748272609061472,25.496545218122943,10.198618087249177,22.94689069631065,38.24481782718441,35.69516330537212,17.84758165268606,30.59585426174753,17.84758165268606,22.94689069631065,25.496545218122943,28.046199739935236,25.496545218122943,15.297927130873765,30.59585426174753,7.648963565436882,22.94689069631065,30.59585426174753,56.09239947987047,35.69516330537212,43.344126870809006,22.94689069631065,20.397236174498353,25.496545218122943,20.397236174498353,20.397236174498353,0,0
Osona,0,0,0,0,0,0,0,0,0,0,0,0,0,0,0,0.6556302245533518,0.6556302245533518,0.6556302245533518,1.3112604491067037,5.900672020980167,3.933781347320111,2.6225208982134074,7.867562694640222,21.635797410260615,13.112604491067039,25.569578757580725,15.079495164727094,19.013276512047206,42.615964595967874,22.291427634813967,32.125881003114245,23.60268808392067,33.43714145222095,31.47025077856089,15.079495164727094,39.993443697754465,29.503360104900835,20.324536961153907,21.635797410260615,30.81462055400754,12.456974266513686,5.900672020980167,16.390755613833797,16.390755613833797,21.635797410260615,22.947057859367316,13.112604491067039,9.178823143746927,9.834453368300279,3.933781347320111,28.847729880347483,49.1722668415014,22.947057859367316,28.847729880347483,5.245041796426815,4.589411571873463,16.390755613833797,24.25831830847402,5.900672020980167,12.456974266513686,9.178823143746927,0,1.9668906736600555,13.112604491067039,5.900672020980167,13.768234715620391,5.245041796426815,0,0.6556302245533518,4.589411571873463,5.245041796426815,6.556302245533519,4.589411571873463,6.556302245533519,2.6225208982134074,0,7.211932470086871,4.589411571873463,1.9668906736600555,9.834453368300279,7.211932470086871,0.6556302245533518,0,4.589411571873463,8.523192919193576,8.523192919193576,7.867562694640222,5.245041796426815,0.6556302245533518,1.3112604491067037,5.245041796426815,7.211932470086871,12.456974266513686,4.589411571873463,2.6225208982134074,0.6556302245533518,0,0.6556302245533518,8.523192919193576,5.245041796426815,1.9668906736600555,6.556302245533519,0,1.3112604491067037,2.6225208982134074,9.834453368300279,5.245041796426815,3.2781511227667597,1.9668906736600555,0,0.6556302245533518,2.6225208982134074,3.933781347320111,0.6556302245533518,1.9668906736600555,2.6225208982134074,0,0.6556302245533518,0.6556302245533518,1.3112604491067037,0.6556302245533518,0,1.3112604491067037,0.6556302245533518,0.6556302245533518,2.6225208982134074,2.6225208982134074,1.9668906736600555,2.6225208982134074,3.933781347320111,0,0,1.9668906736600555,2.6225208982134074,5.245041796426815,4.589411571873463,5.245041796426815,0,0.6556302245533518,5.245041796426815,5.900672020980167,7.211932470086871,5.245041796426815,5.900672020980167,2.6225208982134074,0.6556302245533518,7.867562694640222,9.178823143746927,7.211932470086871,7.211932470086871,11.145713817406984,1.3112604491067037,0.6556302245533518,7.867562694640222,9.178823143746927,13.112604491067039,9.834453368300279,12.456974266513686,1.3112604491067037,2.6225208982134074,15.735125389280444,7.867562694640222,22.947057859367316,7.211932470086871,10.49008359285363,2.6225208982134074,2.6225208982134074,11.145713817406984,11.145713817406984,15.735125389280444,13.112604491067039,15.735125389280444,3.933781347320111,3.2781511227667597,19.013276512047206,16.390755613833797,11.801344041960334,15.735125389280444,1.3112604491067037
Pallars Jussà ,0,0,0,0,0,0,0,0,0,0,0,0,0,0,0,0,0,0,0,0,16.159004605316312,0,0,8.079502302658156,16.159004605316312,32.318009210632624,8.079502302658156,40.39751151329078,48.477013815948936,80.79502302658156,32.318009210632624,32.318009210632624,24.238506907974468,8.079502302658156,72.7155207239234,80.79502302658156,8.079502302658156,16.159004605316312,8.079502302658156,8.079502302658156,0,8.079502302658156,16.159004605316312,0,48.477013815948936,8.079502302658156,8.079502302658156,0,0,16.159004605316312,16.159004605316312,8.079502302658156,24.238506907974468,16.159004605316312,16.159004605316312,0,0,0,8.079502302658156,16.159004605316312,0,0,8.079502302658156,0,0,0,0,0,0,0,0,0,8.079502302658156,0,0,0,0,0,0,0,8.079502302658156,0,8.079502302658156,0,40.39751151329078,0,0,0,0,0,0,0,0,0,0,0,0,0,16.159004605316312,8.079502302658156,0,16.159004605316312,0,0,0,0,0,0,0,0,0,0,0,0,0,8.079502302658156,0,0,8.079502302658156,0,0,0,0,0,0,0,0,8.079502302658156,0,8.079502302658156,0,0,8.079502302658156,8.079502302658156,0,0,40.39751151329078,0,0,8.079502302658156,8.079502302658156,0,0,0,0,0,0,0,8.079502302658156,0,0,0,0,0,16.159004605316312,0,8.079502302658156,0,0,0,0,16.159004605316312,0,8.079502302658156,32.318009210632624,0,8.079502302658156,24.238506907974468,0,16.159004605316312,0,8.079502302658156,0,0,16.159004605316312,8.079502302658156,0,0,0
Pallars Sobirà ,0,0,0,0,0,0,0,0,0,0,0,0,0,0,0,0,0,0,14.332807797047442,0,0,0,0,28.665615594094884,28.665615594094884,0,0,0,14.332807797047442,28.665615594094884,0,0,0,14.332807797047442,14.332807797047442,28.665615594094884,0,0,0,0,14.332807797047442,0,14.332807797047442,0,0,0,0,0,0,0,0,0,0,0,0,14.332807797047442,0,0,0,0,0,0,0,0,0,0,0,0,0,0,0,0,0,0,0,14.332807797047442,0,0,14.332807797047442,14.332807797047442,0,0,0,0,0,0,0,0,0,0,0,0,0,0,0,0,0,0,42.998423391142325,14.332807797047442,0,14.332807797047442,0,0,0,0,0,14.332807797047442,0,0,0,14.332807797047442,0,0,14.332807797047442,0,0,0,0,0,0,14.332807797047442,0,0,0,0,0,0,0,0,0,0,0,14.332807797047442,0,0,14.332807797047442,0,0,0,0,0,0,0,0,0,14.332807797047442,14.332807797047442,0,28.665615594094884,0,0,0,0,0,0,14.332807797047442,0,0,0,0,0,0,0,0,0,0,0,14.332807797047442,0,14.332807797047442,0,0,0,14.332807797047442,0,0,0,0
Pla d'Urgell,0,0,0,0,0,0,0,0,0,0,0,0,0,0,0,0,0,5.395780499649274,0,0,0,0,16.187341498947823,24.281012248421735,2.697890249824637,13.489451249123187,8.093670749473912,8.093670749473912,5.395780499649274,8.093670749473912,13.489451249123187,5.395780499649274,5.395780499649274,5.395780499649274,2.697890249824637,13.489451249123187,8.093670749473912,0,8.093670749473912,5.395780499649274,0,5.395780499649274,5.395780499649274,8.093670749473912,8.093670749473912,2.697890249824637,2.697890249824637,2.697890249824637,2.697890249824637,8.093670749473912,8.093670749473912,2.697890249824637,10.791560999298548,2.697890249824637,2.697890249824637,5.395780499649274,16.187341498947823,8.093670749473912,0,2.697890249824637,2.697890249824637,0,5.395780499649274,2.697890249824637,0,2.697890249824637,2.697890249824637,2.697890249824637,2.697890249824637,0,8.093670749473912,0,2.697890249824637,0,0,0,13.489451249123187,0,5.395780499649274,0,8.093670749473912,0,2.697890249824637,0,8.093670749473912,2.697890249824637,21.583121998597097,0,0,5.395780499649274,2.697890249824637,10.791560999298548,5.395780499649274,10.791560999298548,0,0,0,8.093670749473912,13.489451249123187,0,10.791560999298548,21.583121998597097,0,2.697890249824637,13.489451249123187,5.395780499649274,5.395780499649274,5.395780499649274,2.697890249824637,0,0,5.395780499649274,8.093670749473912,5.395780499649274,8.093670749473912,5.395780499649274,2.697890249824637,0,10.791560999298548,2.697890249824637,0,10.791560999298548,8.093670749473912,0,0,16.187341498947823,16.187341498947823,8.093670749473912,21.583121998597097,18.88523174877246,0,0,5.395780499649274,5.395780499649274,16.187341498947823,37.77046349754492,21.583121998597097,0,2.697890249824637,5.395780499649274,10.791560999298548,2.697890249824637,10.791560999298548,16.187341498947823,2.697890249824637,10.791560999298548,48.56202449684347,26.978902498246374,29.67679274807101,18.88523174877246,35.072573247720285,13.489451249123187,8.093670749473912,45.86413424701883,40.468353747369555,26.978902498246374,35.072573247720285,24.281012248421735,18.88523174877246,8.093670749473912,8.093670749473912,24.281012248421735,16.187341498947823,32.37468299789565,8.093670749473912,10.791560999298548,8.093670749473912,16.187341498947823,8.093670749473912,10.791560999298548,8.093670749473912,16.187341498947823,8.093670749473912,0,16.187341498947823,16.187341498947823,16.187341498947823,0,0
Pla de l'Estany,0,0,0,0,0,0,0,0,0,0,0,0,0,0,0,0,0,9.616617515066034,6.411078343377357,6.411078343377357,3.2055391716886783,3.2055391716886783,19.233235030132068,19.233235030132068,12.822156686754713,3.2055391716886783,16.02769585844339,9.616617515066034,25.644313373509426,6.411078343377357,28.8498525451981,22.43877420182075,12.822156686754713,0,16.02769585844339,16.02769585844339,19.233235030132068,16.02769585844339,16.02769585844339,19.233235030132068,3.2055391716886783,19.233235030132068,25.644313373509426,12.822156686754713,22.43877420182075,22.43877420182075,19.233235030132068,12.822156686754713,3.2055391716886783,6.411078343377357,35.26093088857546,54.49416591870752,3.2055391716886783,19.233235030132068,3.2055391716886783,12.822156686754713,9.616617515066034,9.616617515066034,28.8498525451981,25.644313373509426,0,3.2055391716886783,70.52186177715092,22.43877420182075,3.2055391716886783,3.2055391716886783,3.2055391716886783,0,6.411078343377357,0,9.616617515066034,12.822156686754713,3.2055391716886783,6.411078343377357,0,0,12.822156686754713,12.822156686754713,3.2055391716886783,48.08308757533017,3.2055391716886783,3.2055391716886783,0,3.2055391716886783,6.411078343377357,3.2055391716886783,3.2055391716886783,3.2055391716886783,0,3.2055391716886783,3.2055391716886783,9.616617515066034,0,0,0,0,0,0,0,0,0,9.616617515066034,0,0,3.2055391716886783,0,3.2055391716886783,0,0,0,0,0,0,3.2055391716886783,0,0,0,0,3.2055391716886783,0,0,0,3.2055391716886783,0,0,0,3.2055391716886783,0,0,0,0,0,0,0,0,6.411078343377357,3.2055391716886783,0,0,0,3.2055391716886783,25.644313373509426,16.02769585844339,19.233235030132068,0,0,41.67200923195281,19.233235030132068,9.616617515066034,6.411078343377357,12.822156686754713,0,0,3.2055391716886783,3.2055391716886783,3.2055391716886783,3.2055391716886783,6.411078343377357,0,0,6.411078343377357,3.2055391716886783,6.411078343377357,9.616617515066034,35.26093088857546,6.411078343377357,6.411078343377357,6.411078343377357,3.2055391716886783,9.616617515066034,6.411078343377357,3.2055391716886783,0,0,0,3.2055391716886783,6.411078343377357,3.2055391716886783,0
Priorat,0,0,0,0,0,0,0,0,0,0,0,0,0,0,0,0,0,11.156978690170702,0,0,0,0,0,0,0,0,0,0,0,0,0,22.313957380341403,0,0,0,0,11.156978690170702,0,11.156978690170702,0,0,0,0,0,0,0,0,0,0,11.156978690170702,0,0,11.156978690170702,0,0,11.156978690170702,11.156978690170702,0,0,0,0,0,0,0,0,0,0,0,0,0,0,0,0,0,0,0,0,0,0,0,0,0,0,0,0,0,0,0,0,0,0,0,0,0,0,0,0,0,0,0,0,0,0,0,0,0,0,0,0,0,0,0,0,0,0,0,0,0,0,0,0,0,0,0,0,0,0,0,0,0,0,0,0,0,11.156978690170702,0,0,0,0,0,0,11.156978690170702,0,0,0,0,22.313957380341403,33.4709360705121,0,11.156978690170702,0,0,0,11.156978690170702,11.156978690170702,33.4709360705121,0,0,33.4709360705121,0,22.313957380341403,0,0,0,0,0,0,0,0,0,0,0,0,0,11.156978690170702,0,11.156978690170702,11.156978690170702,0
Ribera d'Ebre,0,0,0,0,0,0,0,0,0,0,0,0,0,0,0,0,0,0,0,0,0,0,0,4.292582417582418,0,0,8.585164835164836,4.292582417582418,8.585164835164836,8.585164835164836,4.292582417582418,4.292582417582418,4.292582417582418,0,0,4.292582417582418,0,8.585164835164836,8.585164835164836,0,0,0,0,12.877747252747254,4.292582417582418,0,0,0,0,0,4.292582417582418,0,4.292582417582418,0,0,4.292582417582418,0,0,0,0,0,0,0,8.585164835164836,4.292582417582418,4.292582417582418,0,0,4.292582417582418,0,17.17032967032967,0,17.17032967032967,8.585164835164836,0,0,4.292582417582418,0,0,0,0,0,0,0,4.292582417582418,0,0,4.292582417582418,0,0,0,0,0,0,0,0,0,0,0,4.292582417582418,0,0,0,0,0,0,0,0,0,0,4.292582417582418,0,0,4.292582417582418,8.585164835164836,0,0,0,0,0,0,0,0,0,0,0,0,0,0,4.292582417582418,0,0,0,0,0,4.292582417582418,0,0,4.292582417582418,0,0,8.585164835164836,8.585164835164836,0,0,0,8.585164835164836,0,4.292582417582418,4.292582417582418,0,0,21.462912087912088,8.585164835164836,30.048076923076923,4.292582417582418,21.462912087912088,8.585164835164836,8.585164835164836,12.877747252747254,0,0,8.585164835164836,8.585164835164836,0,8.585164835164836,0,4.292582417582418,8.585164835164836,4.292582417582418,21.462912087912088,8.585164835164836,21.462912087912088,4.292582417582418,0,0,30.048076923076923,0,0
Ripollès,0,0,0,0,0,0,0,0,0,0,0,0,0,0,0,0,0,0,0,3.9430621820906113,0,3.9430621820906113,3.9430621820906113,7.886124364181223,23.65837309254367,19.715310910453056,3.9430621820906113,11.829186546271835,11.829186546271835,19.715310910453056,31.54449745672489,31.54449745672489,23.65837309254367,7.886124364181223,19.715310910453056,27.60143527463428,7.886124364181223,11.829186546271835,7.886124364181223,11.829186546271835,0,11.829186546271835,3.9430621820906113,0,0,7.886124364181223,15.772248728362445,3.9430621820906113,3.9430621820906113,7.886124364181223,0,0,11.829186546271835,0,0,7.886124364181223,3.9430621820906113,27.60143527463428,11.829186546271835,19.715310910453056,0,0,3.9430621820906113,11.829186546271835,3.9430621820906113,0,0,0,0,0,0,0,3.9430621820906113,3.9430621820906113,0,0,0,0,0,15.772248728362445,7.886124364181223,0,0,0,3.9430621820906113,7.886124364181223,3.9430621820906113,15.772248728362445,0,0,3.9430621820906113,3.9430621820906113,0,0,15.772248728362445,0,0,3.9430621820906113,0,3.9430621820906113,0,3.9430621820906113,0,0,7.886124364181223,0,0,0,0,0,0,0,0,0,3.9430621820906113,0,0,0,0,3.9430621820906113,0,0,0,3.9430621820906113,0,0,3.9430621820906113,0,0,3.9430621820906113,0,0,3.9430621820906113,0,0,3.9430621820906113,0,0,0,3.9430621820906113,7.886124364181223,7.886124364181223,3.9430621820906113,7.886124364181223,27.60143527463428,0,3.9430621820906113,11.829186546271835,7.886124364181223,7.886124364181223,7.886124364181223,7.886124364181223,0,7.886124364181223,15.772248728362445,3.9430621820906113,0,11.829186546271835,0,0,3.9430621820906113,0,0,0,3.9430621820906113,0,3.9430621820906113,3.9430621820906113,0,0,0,3.9430621820906113,0,0,0,7.886124364181223,11.829186546271835,0,3.9430621820906113
Segarra,0,0,0,0,0,0,0,0,0,0,0,0,0,0,0,0,4.548142083958703,9.096284167917405,0,4.548142083958703,4.548142083958703,4.548142083958703,9.096284167917405,4.548142083958703,27.288852503752217,4.548142083958703,13.644426251876109,13.644426251876109,13.644426251876109,4.548142083958703,40.93327875562832,31.836994587710922,18.19256833583481,0,9.096284167917405,13.644426251876109,72.77027334333924,13.644426251876109,36.38513667166962,13.644426251876109,9.096284167917405,9.096284167917405,22.740710419793515,40.93327875562832,9.096284167917405,18.19256833583481,4.548142083958703,4.548142083958703,13.644426251876109,9.096284167917405,13.644426251876109,4.548142083958703,45.48142083958703,13.644426251876109,0,4.548142083958703,18.19256833583481,9.096284167917405,13.644426251876109,0,0,0,4.548142083958703,9.096284167917405,0,0,4.548142083958703,0,0,22.740710419793515,0,4.548142083958703,31.836994587710922,0,0,0,18.19256833583481,18.19256833583481,9.096284167917405,54.577705007504434,18.19256833583481,0,13.644426251876109,13.644426251876109,36.38513667166962,40.93327875562832,22.740710419793515,31.836994587710922,0,4.548142083958703,18.19256833583481,4.548142083958703,31.836994587710922,9.096284167917405,27.288852503752217,27.288852503752217,22.740710419793515,18.19256833583481,27.288852503752217,36.38513667166962,45.48142083958703,36.38513667166962,27.288852503752217,4.548142083958703,4.548142083958703,9.096284167917405,27.288852503752217,13.644426251876109,4.548142083958703,9.096284167917405,18.19256833583481,68.22213125938055,50.02956292354573,18.19256833583481,22.740710419793515,4.548142083958703,9.096284167917405,13.644426251876109,22.740710419793515,50.02956292354573,9.096284167917405,4.548142083958703,13.644426251876109,9.096284167917405,4.548142083958703,9.096284167917405,4.548142083958703,13.644426251876109,36.38513667166962,18.19256833583481,4.548142083958703,0,4.548142083958703,4.548142083958703,36.38513667166962,18.19256833583481,13.644426251876109,9.096284167917405,0,4.548142083958703,90.96284167917406,27.288852503752217,13.644426251876109,9.096284167917405,18.19256833583481,0,4.548142083958703,22.740710419793515,4.548142083958703,4.548142083958703,18.19256833583481,4.548142083958703,0,9.096284167917405,36.38513667166962,109.15541001500887,22.740710419793515,13.644426251876109,31.836994587710922,4.548142083958703,4.548142083958703,13.644426251876109,13.644426251876109,0,9.096284167917405,4.548142083958703,4.548142083958703,27.288852503752217,4.548142083958703,18.19256833583481,0,9.096284167917405,4.548142083958703,0,9.096284167917405,54.577705007504434,4.548142083958703,0,0
Segrià ,0,0,0,0,0,0,0,0,0,0,0,0,0,0,0.48317815261665126,0.9663563052333025,4.8317815261665125,0.9663563052333025,1.4495344578499538,1.4495344578499538,2.4158907630832562,5.798137831399815,10.146741204949677,8.697206747099724,9.180384899716374,6.281315984016468,5.314959678783164,10.146741204949677,19.32712610466605,14.978522731116191,15.46170088373284,20.293482409899354,7.24767228924977,13.528988273266236,14.012166425882887,20.776660562516007,8.214028594483072,15.46170088373284,17.394413494199448,6.764494136633118,8.697206747099724,7.73085044186642,20.776660562516007,20.776660562516007,19.32712610466605,11.11309751018298,5.798137831399815,9.663563052333025,12.562631968032935,12.562631968032935,15.94487903634949,14.49534457849954,4.8317815261665125,11.11309751018298,2.8990689156999077,1.932712610466605,21.259838715132656,5.314959678783164,3.382247068316559,1.932712610466605,2.4158907630832562,0.48317815261665126,3.86542522093321,7.24767228924977,0.48317815261665126,5.798137831399815,2.8990689156999077,2.8990689156999077,0.9663563052333025,2.8990689156999077,1.4495344578499538,1.932712610466605,2.4158907630832562,3.86542522093321,0.9663563052333025,2.8990689156999077,0.48317815261665126,1.4495344578499538,2.8990689156999077,3.382247068316559,7.73085044186642,3.382247068316559,1.932712610466605,16.911235341582795,7.73085044186642,5.798137831399815,14.49534457849954,11.11309751018298,0.48317815261665126,15.94487903634949,7.24767228924977,13.045810120649584,7.24767228924977,12.562631968032935,8.697206747099724,5.314959678783164,1.4495344578499538,2.4158907630832562,13.045810120649584,6.281315984016468,3.86542522093321,19.810304257282702,2.8990689156999077,1.932712610466605,0.48317815261665126,7.73085044186642,4.8317815261665125,3.382247068316559,6.764494136633118,2.4158907630832562,0.48317815261665126,2.4158907630832562,5.314959678783164,6.281315984016468,11.59627566279963,11.11309751018298,9.180384899716374,3.86542522093321,5.314959678783164,21.259838715132656,9.663563052333025,10.629919357566328,42.51967743026531,17.394413494199448,23.675729478215914,14.49534457849954,39.620608514565404,47.83463710904848,55.08230939829825,65.22905060324791,31.88975807269898,31.406579920082333,21.743016867749308,70.54401028203108,82.62346409744737,81.65710779221406,95.1860960654803,57.015022008764845,34.788826988398895,58.46455646661481,64.26269429801462,104.84965911781333,76.34214811343091,59.914090924464766,104.84965911781333,38.6542522093321,102.43376835473008,86.00571116576393,87.93842377623054,58.947734619231454,53.14959678783164,24.642085783449215,34.788826988398895,26.57479839391582,59.43091277184811,45.90192449858187,28.024332851765774,45.90192449858187,26.57479839391582,22.70937317298261,38.171074056715455,33.33929253054894,28.507511004382422,21.259838715132656,27.057976546532473,18.8439479520494,12.562631968032935,28.024332851765774,28.99068915699908,23.19255132559926,14.978522731116191,23.19255132559926,5.798137831399815,2.8990689156999077,45.90192449858187,26.57479839391582,20.776660562516007,4.348603373549862,0.48317815261665126
Selva,0,0,0,0,0,0,0,0,0,0,0,0,0,0,1.173199432171475,0.5865997160857375,1.7597991482572122,1.173199432171475,1.7597991482572122,5.279397444771637,8.212396025200324,3.5195982965144244,8.798995741286062,10.558794889543273,14.078393186057697,10.558794889543273,7.039196593028849,14.078393186057697,18.18459119865786,26.396987223858183,11.14539460562901,14.664992902143435,10.558794889543273,4.106198012600162,12.905193753886223,7.625796309114587,7.625796309114587,12.905193753886223,7.625796309114587,6.452596876943112,8.212396025200324,19.94439034691507,5.865997160857375,15.251592618229173,12.318594037800487,8.798995741286062,5.279397444771637,3.5195982965144244,5.865997160857375,8.798995741286062,15.83819233431491,10.558794889543273,18.7711909147436,2.34639886434295,4.106198012600162,5.865997160857375,9.972195173457536,36.95578211340146,12.905193753886223,28.156786372115395,2.9329985804286873,0,8.212396025200324,6.452596876943112,9.972195173457536,8.798995741286062,2.34639886434295,0.5865997160857375,1.7597991482572122,2.9329985804286873,4.106198012600162,10.558794889543273,2.9329985804286873,5.865997160857375,0.5865997160857375,1.173199432171475,2.34639886434295,2.9329985804286873,0.5865997160857375,2.9329985804286873,1.173199432171475,1.7597991482572122,1.173199432171475,1.7597991482572122,2.9329985804286873,2.9329985804286873,4.106198012600162,3.5195982965144244,1.173199432171475,0.5865997160857375,1.7597991482572122,3.5195982965144244,4.106198012600162,2.9329985804286873,1.7597991482572122,0,0.5865997160857375,1.173199432171475,0,3.5195982965144244,1.173199432171475,2.9329985804286873,0.5865997160857375,0.5865997160857375,1.7597991482572122,1.173199432171475,1.7597991482572122,0,0.5865997160857375,0,0,0.5865997160857375,0.5865997160857375,0,2.9329985804286873,0,0.5865997160857375,0.5865997160857375,1.173199432171475,1.173199432171475,0,0.5865997160857375,3.5195982965144244,0,0.5865997160857375,0.5865997160857375,0,0,1.173199432171475,2.34639886434295,1.173199432171475,0,2.34639886434295,0.5865997160857375,2.34639886434295,4.106198012600162,4.6927977286859,0,0,4.106198012600162,2.34639886434295,4.106198012600162,3.5195982965144244,2.9329985804286873,0,0,5.279397444771637,7.039196593028849,8.212396025200324,9.3855954573718,14.664992902143435,0.5865997160857375,1.173199432171475,3.5195982965144244,7.039196593028849,7.625796309114587,9.972195173457536,9.3855954573718,0,1.173199432171475,1.7597991482572122,10.558794889543273,6.452596876943112,2.9329985804286873,1.7597991482572122,3.5195982965144244,2.9329985804286873,7.625796309114587,8.798995741286062,0.5865997160857375,5.865997160857375,7.039196593028849,9.3855954573718,4.106198012600162,6.452596876943112,6.452596876943112,9.3855954573718,2.34639886434295,1.173199432171475
Solsonès,0,0,0,0,0,0,0,0,0,0,0,0,0,0,0,0,0,0,0,0,0,7.726184037703778,0,0,0,7.726184037703778,7.726184037703778,0,7.726184037703778,15.452368075407556,23.178552113111333,7.726184037703778,0,30.90473615081511,0,0,15.452368075407556,0,0,15.452368075407556,0,0,0,0,7.726184037703778,0,0,0,7.726184037703778,0,15.452368075407556,7.726184037703778,7.726184037703778,0,0,0,0,0,7.726184037703778,0,0,0,0,0,0,0,0,0,0,0,0,0,0,0,0,0,0,0,0,0,0,0,0,0,7.726184037703778,0,0,0,0,0,0,7.726184037703778,7.726184037703778,0,0,0,0,0,0,0,0,0,0,0,0,0,0,0,7.726184037703778,0,0,0,0,0,0,0,0,0,0,0,0,0,0,0,0,0,0,0,0,0,7.726184037703778,0,0,0,7.726184037703778,0,0,7.726184037703778,0,0,0,0,15.452368075407556,0,15.452368075407556,0,0,0,0,0,0,7.726184037703778,0,0,0,0,0,0,0,0,0,15.452368075407556,0,0,0,0,0,0,0,0,0,7.726184037703778,0,0,7.726184037703778,0,7.726184037703778,7.726184037703778,0
Tarragonès,0,0,0,0,0,0,0,0,0,0,0,0,0,0,0,0,0.40083534085033207,0,1.2025060225509963,0,0.8016706817006641,2.0041767042516603,2.4050120451019925,4.008353408503321,6.012530112754981,3.6075180676529888,2.8058473859523247,7.2150361353059775,5.6116947719046495,8.417542157856975,10.020883521258304,14.830907611462289,8.016706817006641,5.210859431054317,26.85596783697225,10.822554202958967,10.020883521258304,11.62422488465963,16.83508431571395,14.830907611462289,11.62422488465963,10.020883521258304,9.219212839557638,14.430072270611955,10.822554202958967,8.016706817006641,5.210859431054317,6.413365453605313,2.8058473859523247,12.826730907210626,29.661815222924577,7.2150361353059775,12.025060225509963,7.61587147615631,3.2066827268026565,6.814200794455646,6.814200794455646,8.818377498707306,6.413365453605313,4.008353408503321,0.8016706817006641,0.8016706817006641,3.2066827268026565,3.2066827268026565,2.0041767042516603,3.2066827268026565,1.6033413634013283,0.40083534085033207,0.40083534085033207,2.0041767042516603,0.8016706817006641,2.8058473859523247,1.6033413634013283,2.8058473859523247,0,0.40083534085033207,0.8016706817006641,1.6033413634013283,3.6075180676529888,1.2025060225509963,1.2025060225509963,0.40083534085033207,0,2.0041767042516603,1.2025060225509963,0.8016706817006641,0.8016706817006641,0.8016706817006641,0,0,0.8016706817006641,0.8016706817006641,1.2025060225509963,2.0041767042516603,3.2066827268026565,0,0,1.6033413634013283,0.8016706817006641,2.4050120451019925,1.6033413634013283,0.40083534085033207,1.2025060225509963,0,1.6033413634013283,0.8016706817006641,1.6033413634013283,0.40083534085033207,1.6033413634013283,0.40083534085033207,0,0,0.40083534085033207,0.40083534085033207,0,0.8016706817006641,0.40083534085033207,0,0,0.40083534085033207,0,0,0,0,0,0,0.40083534085033207,0.8016706817006641,0,0,0.40083534085033207,1.2025060225509963,0,2.0041767042516603,0.40083534085033207,1.6033413634013283,2.8058473859523247,2.4050120451019925,1.2025060225509963,4.810024090203985,1.6033413634013283,2.8058473859523247,3.6075180676529888,4.409188749353653,3.6075180676529888,6.012530112754981,2.0041767042516603,5.6116947719046495,5.6116947719046495,3.6075180676529888,3.6075180676529888,1.6033413634013283,1.2025060225509963,2.0041767042516603,4.409188749353653,12.425895566360294,6.413365453605313,7.61587147615631,3.6075180676529888,1.2025060225509963,4.810024090203985,4.810024090203985,4.409188749353653,3.2066827268026565,4.810024090203985,2.0041767042516603,3.6075180676529888,2.4050120451019925,6.814200794455646,7.2150361353059775,12.826730907210626,10.421718862108634,2.4050120451019925,6.413365453605313,11.62422488465963,10.822554202958967,8.818377498707306,1.2025060225509963,0
Terra Alta,0,0,0,0,0,0,0,0,0,0,0,0,0,0,0,0,0,0,0,8.09323405632891,0,0,0,0,0,0,0,0,0,0,0,0,16.18646811265782,0,0,8.09323405632891,8.09323405632891,0,0,0,0,0,8.09323405632891,0,0,0,0,0,0,0,0,0,0,0,0,0,0,0,0,0,0,0,0,0,0,0,0,0,0,0,0,8.09323405632891,0,0,0,0,0,0,0,0,0,0,0,0,0,0,0,0,0,0,0,0,8.09323405632891,0,0,0,0,0,0,0,0,0,0,0,0,0,0,0,0,0,0,0,0,0,0,0,0,0,0,0,0,0,0,0,0,0,0,0,0,0,0,0,0,0,0,0,0,0,0,0,0,0,0,0,0,0,0,0,0,0,0,0,0,24.279702168986727,8.09323405632891,0,0,0,0,8.09323405632891,0,0,8.09323405632891,16.18646811265782,0,8.09323405632891,0,0,8.09323405632891,0,0,0,32.37293622531564,0,0,0,8.09323405632891,0,0
Urgell,0,0,0,0,0,0,0,0,0,0,0,0,0,0,0,2.733659550039638,0,8.200978650118914,2.733659550039638,0,2.733659550039638,0,2.733659550039638,0,32.80391460047566,10.934638200158552,2.733659550039638,30.070255050436018,24.60293595035674,16.40195730023783,24.60293595035674,10.934638200158552,16.40195730023783,10.934638200158552,16.40195730023783,5.467319100079276,8.200978650118914,16.40195730023783,0,5.467319100079276,0,10.934638200158552,21.869276400317105,5.467319100079276,8.200978650118914,2.733659550039638,8.200978650118914,5.467319100079276,19.13561685027747,2.733659550039638,2.733659550039638,2.733659550039638,10.934638200158552,10.934638200158552,8.200978650118914,0,5.467319100079276,8.200978650118914,10.934638200158552,16.40195730023783,0,5.467319100079276,10.934638200158552,5.467319100079276,0,2.733659550039638,0,0,0,0,0,0,2.733659550039638,2.733659550039638,0,0,0,0,5.467319100079276,2.733659550039638,8.200978650118914,0,2.733659550039638,5.467319100079276,0,0,13.668297750198189,16.40195730023783,41.00489325059457,73.80880785107023,8.200978650118914,5.467319100079276,8.200978650118914,5.467319100079276,13.668297750198189,2.733659550039638,2.733659550039638,5.467319100079276,0,0,8.200978650118914,8.200978650118914,0,0,0,13.668297750198189,8.200978650118914,0,0,2.733659550039638,8.200978650118914,19.13561685027747,8.200978650118914,8.200978650118914,13.668297750198189,5.467319100079276,5.467319100079276,0,0,5.467319100079276,2.733659550039638,5.467319100079276,5.467319100079276,0,5.467319100079276,0,5.467319100079276,13.668297750198189,5.467319100079276,2.733659550039638,2.733659550039638,5.467319100079276,2.733659550039638,19.13561685027747,16.40195730023783,35.5375741505153,8.200978650118914,8.200978650118914,13.668297750198189,8.200978650118914,16.40195730023783,8.200978650118914,8.200978650118914,10.934638200158552,13.668297750198189,5.467319100079276,19.13561685027747,16.40195730023783,8.200978650118914,0,27.336595500396378,10.934638200158552,19.13561685027747,5.467319100079276,32.80391460047566,19.13561685027747,19.13561685027747,10.934638200158552,8.200978650118914,5.467319100079276,8.200978650118914,10.934638200158552,5.467319100079276,10.934638200158552,8.200978650118914,8.200978650118914,2.733659550039638,2.733659550039638,5.467319100079276,5.467319100079276,5.467319100079276,16.40195730023783,32.80391460047566,13.668297750198189,10.934638200158552,24.60293595035674,8.200978650118914,0,0
Vallès Occidental,0,0,0,0,0,0,0,0,0,0.22352087852646094,0,0,0,0.4470417570529219,0.6705626355793829,1.7881670282116875,5.0292197668453715,6.146824159477677,5.140980206108602,8.717314262531977,10.058439533690743,12.740690076008276,14.193575786430271,15.86998237537873,18.99927467474918,16.98758676801103,19.669837310328564,19.893358188855025,29.72827684401931,27.828349376544388,54.315573481930016,22.240327413382865,26.48722410538562,23.35793180601517,33.86341309675884,26.934265862438544,22.240327413382865,27.269547180228233,23.022650488225477,15.422940618325807,16.65230545022134,16.42878457169488,10.729002169270126,14.3053362256935,15.422940618325807,20.005118628118257,15.86998237537873,8.493793384005516,14.528857104219963,20.340399945907947,17.322868085800724,10.840762608533357,24.922577955700397,15.422940618325807,5.252740645371833,20.005118628118257,12.181887879692123,12.070127440428893,5.588021963161524,7.040907673583519,4.69393844905568,3.1292922993704537,5.140980206108602,4.69393844905568,3.688094495686606,3.4645736171601444,3.017531860107223,2.011687906738149,0.7823230748426134,2.011687906738149,2.4587296637910705,2.123448346001379,3.576334056423375,3.017531860107223,0.6705626355793829,0.6705626355793829,1.5646461496852269,2.4587296637910705,2.794010981580762,0.8940835141058437,2.34696922452784,0.7823230748426134,0.4470417570529219,1.0058439533690744,2.2352087852646094,3.688094495686606,1.7881670282116875,1.6764065889484574,0.4470417570529219,0.8940835141058437,1.7881670282116875,1.3411252711587658,1.8999274674749183,1.6764065889484574,1.452885710421996,1.2293648318955352,0.4470417570529219,0.22352087852646094,1.3411252711587658,0.8940835141058437,0.7823230748426134,0.8940835141058437,0.4470417570529219,0.22352087852646094,0.33528131778969145,0.4470417570529219,0.6705626355793829,0.5588021963161524,0.6705626355793829,0.11176043926323047,0.11176043926323047,0.33528131778969145,0.11176043926323047,0.22352087852646094,0.8940835141058437,0.6705626355793829,0.11176043926323047,0.11176043926323047,0.7823230748426134,0.8940835141058437,0.4470417570529219,0.5588021963161524,0.5588021963161524,0.7823230748426134,0.22352087852646094,0,1.0058439533690744,0.5588021963161524,1.0058439533690744,0.6705626355793829,0.5588021963161524,0.11176043926323047,0.6705626355793829,1.2293648318955352,1.2293648318955352,0.8940835141058437,1.452885710421996,1.0058439533690744,0.7823230748426134,2.570490103054301,5.252740645371833,8.382032944742285,7.264428552109981,6.370345038004138,2.2352087852646094,2.2352087852646094,7.376188991373212,12.070127440428893,9.834918655164282,8.270272505479056,12.964210954534737,3.4645736171601444,5.811542841687984,12.405408758218583,16.42878457169488,18.328712039169798,17.881670282116875,17.322868085800724,8.382032944742285,4.582178009792449,10.170199972953974,19.558076871065335,12.293648318955354,14.417096664956732,20.78744170296087,17.993430721380108,6.4821054772673685,17.099347207274263,16.42878457169488,15.422940618325807,15.534701057589036,14.081815347167039,7.376188991373212,4.582178009792449,15.422940618325807,14.752377982746424,17.658149403590414,7.934991187689365,3.352813177896915
Vallès Oriental,0,0,0,0,0,0,0,0,0,0,0,0,0.2518219316756735,0.503643863351347,1.2591096583783676,0.7554657950270205,2.2663973850810613,3.2736851117837555,3.7773289751351022,9.31741147199992,8.561945676972899,11.080164993729634,12.087452720432328,14.605672037189063,17.375713285621472,15.361137832216082,10.072877267026941,17.87935714897282,30.470453732756493,27.196768620972737,25.182193167567352,27.44859055264841,12.087452720432328,9.569233403675593,21.908508055783596,15.86478169556743,19.390288739026857,16.872069422270123,14.35385010551339,16.872069422270123,4.7846167018377965,15.109315900540409,10.072877267026941,13.346562378810695,13.094740447135022,13.346562378810695,8.561945676972899,4.029150906810776,11.583808857080982,5.791904428540491,19.642110670702532,7.302836018594531,33.744138844540245,10.576521130378286,14.35385010551339,6.547370223567511,9.065589540324245,6.043726360216164,5.791904428540491,4.5327947701621225,9.31741147199992,1.510931590054041,3.021863180108082,1.2591096583783676,2.7700412484324084,3.021863180108082,1.510931590054041,1.510931590054041,0.7554657950270205,1.510931590054041,0.7554657950270205,2.5182193167567353,2.7700412484324084,0.7554657950270205,1.007287726702694,1.007287726702694,2.2663973850810613,5.791904428540491,2.2663973850810613,3.021863180108082,2.014575453405388,0.503643863351347,0.503643863351347,0.503643863351347,2.7700412484324084,1.2591096583783676,2.014575453405388,2.2663973850810613,1.007287726702694,0,4.029150906810776,0.503643863351347,1.007287726702694,1.2591096583783676,1.510931590054041,0.7554657950270205,0.2518219316756735,1.007287726702694,1.510931590054041,0.2518219316756735,0.503643863351347,0.7554657950270205,0,0,0.503643863351347,0,0.2518219316756735,0.503643863351347,0.503643863351347,0.2518219316756735,0,0.7554657950270205,1.510931590054041,0.503643863351347,1.7627535217297143,1.2591096583783676,0.2518219316756735,0,0.2518219316756735,0.2518219316756735,0,0.2518219316756735,0.503643863351347,0.2518219316756735,0,0.503643863351347,0.503643863351347,1.007287726702694,0,1.007287726702694,0.7554657950270205,0,1.2591096583783676,2.5182193167567353,2.7700412484324084,4.029150906810776,7.5546579502702045,1.7627535217297143,0,12.842918515459347,9.31741147199992,11.331986925405307,15.361137832216082,13.850206242162043,1.2591096583783676,1.007287726702694,9.065589540324245,13.598384310486368,14.35385010551339,16.872069422270123,15.86478169556743,5.791904428540491,3.5255070434594287,9.065589540324245,17.123891353945798,20.64939839740523,13.850206242162043,26.189480894270044,7.302836018594531,6.043726360216164,20.9012203290809,17.627535217297144,16.872069422270123,14.857493968864738,15.612959763891757,11.331986925405307,5.288260565189143,15.109315900540409,11.080164993729634,17.87935714897282,14.857493968864738,19.138466807351186,8.561945676972899,20.64939839740523,14.605672037189063,28.455878279351108,17.627535217297144,11.583808857080982,0
